tipo,algoritmo,linguagem,variante,tamanho,execucao,energia_j,energia_cores_j,energia_ram_j,duracao_s,user_time_s,system_time_s,potencia_w,energia_por_elemento_j
exec,bolha,go,v1,10,1,"0,02","0,01","0,01","0,002618",0,0,"7,6388","0,002"
exec,bolha,go,v1,10,2,"0,02","0,01","0,01","0,002961",0,0,"6,7555","0,002"
exec,bolha,go,v1,10,3,"0,02","0,01","0,01","0,003039",0,0,"6,5811","0,002"
exec,bolha,go,v1,10,4,"0,02","0,01","0,01","0,003122",0,0,"6,4051","0,002"
exec,bolha,go,v1,10,5,"0,02","0,01","0,01","0,002504",0,0,"7,987","0,002"
exec,bolha,go,v1,10,6,"0,02","0,01","0,01","0,002817",0,0,"7,0986","0,002"
exec,bolha,go,v1,10,7,"0,02","0,01","0,01","0,002738",0,0,"7,3051","0,002"
exec,bolha,go,v1,10,8,"0,02","0,01","0,01","0,002697",0,0,"7,4167","0,002"
exec,bolha,go,v1,10,9,"0,02","0,01","0,01","0,003013",0,0,"6,6368","0,002"
exec,bolha,go,v1,10,10,"0,02","0,01","0,01","0,00304",0,0,"6,5799","0,002"
exec,bolha,go,v1,100,1,"0,01","0,01",0,"0,002553",0,0,"3,9173","0,0001"
exec,bolha,go,v1,100,2,"0,02","0,01","0,01","0,002986",0,0,"6,6983","0,0002"
exec,bolha,go,v1,100,3,"0,02","0,01","0,01","0,003297",0,0,"6,0657","0,0002"
exec,bolha,go,v1,100,4,"0,02","0,01","0,01","0,003003",0,0,"6,6595","0,0002"
exec,bolha,go,v1,100,5,"0,02","0,02","0,01","0,003517",0,0,"5,6865","0,0002"
exec,bolha,go,v1,100,6,"0,02","0,01","0,01","0,002902",0,0,"6,8908","0,0002"
exec,bolha,go,v1,100,7,"0,02","0,02","0,01","0,003156",0,0,"6,3376","0,0002"
exec,bolha,go,v1,100,8,"0,01","0,01",0,"0,002751",0,0,"3,6353","0,0001"
exec,bolha,go,v1,100,9,"0,02","0,01","0,01","0,002801",0,0,"7,1391","0,0002"
exec,bolha,go,v1,100,10,"0,02","0,01","0,01","0,003353",0,0,"5,965","0,0002"
exec,bolha,go,v1,1000,1,"0,03","0,02","0,01","0,005134",0,0,"5,843","0,00003"
exec,bolha,go,v1,1000,2,"0,03","0,02","0,01","0,005036",0,0,"5,9574","0,00003"
exec,bolha,go,v1,1000,3,"0,03","0,02","0,01","0,005388",0,0,"5,5682","0,00003"
exec,bolha,go,v1,1000,4,"0,04","0,03","0,01","0,005176",0,0,"7,728","0,00004"
exec,bolha,go,v1,1000,5,"0,03","0,02","0,01","0,004949",0,0,"6,0621","0,00003"
exec,bolha,go,v1,1000,6,"0,03","0,02","0,01","0,005024",0,0,"5,9708","0,00003"
exec,bolha,go,v1,1000,7,"0,03","0,02","0,01","0,004982",0,0,"6,022","0,00003"
exec,bolha,go,v1,1000,8,"0,03","0,02","0,01","0,005519",0,0,"5,4356","0,00003"
exec,bolha,go,v1,1000,9,"0,03","0,02","0,01","0,004978",0,0,"6,0262","0,00003"
exec,bolha,go,v1,1000,10,"0,03","0,02","0,01","0,00492",0,0,"6,097","0,00003"
exec,bolha,go,v1,10000,1,"1,19","0,86","0,23","0,201034","0,2",0,"5,9194","0,000119"
exec,bolha,go,v1,10000,2,"1,18","0,83","0,22","0,200665","0,2",0,"5,8804","0,000118"
exec,bolha,go,v1,10000,3,"1,17","0,82","0,22","0,200405","0,19",0,"5,8382","0,000117"
exec,bolha,go,v1,10000,4,"1,15","0,82","0,22","0,201482","0,2",0,"5,7077","0,000115"
exec,bolha,go,v1,10000,5,"1,14","0,82","0,22","0,200434","0,19",0,"5,6877","0,000114"
exec,bolha,go,v1,10000,6,"1,15","0,83","0,22","0,200743","0,2",0,"5,7287","0,000115"
exec,bolha,go,v1,10000,7,"1,14","0,82","0,22","0,200104","0,19",0,"5,697","0,000114"
exec,bolha,go,v1,10000,8,"1,15","0,83","0,22","0,200441","0,2",0,"5,7373","0,000115"
exec,bolha,go,v1,10000,9,"1,15","0,83","0,22","0,200807","0,2",0,"5,7269","0,000115"
exec,bolha,go,v1,10000,10,"1,16","0,83","0,22","0,199834","0,19",0,"5,8048","0,000116"
exec,bolha,go,v1,50000,1,"29,52","21,28","5,3","4,964014","4,96",0,"5,9468","0,0005904"
exec,bolha,go,v1,50000,2,"29,42","21,25","5,31","4,963366","4,97",0,"5,9274","0,0005884"
exec,bolha,go,v1,50000,3,"30,23","21,79","5,52","4,98889","4,99",0,"6,0595","0,0006046"
exec,bolha,go,v1,50000,4,"29,4","21,2","5,31","4,964827","4,96",0,"5,9217","0,000588"
exec,bolha,go,v1,50000,5,"29,7","21,39","5,32","4,964224","4,96",0,"5,9828","0,000594"
exec,bolha,go,v1,50000,6,"29,55","21,35","5,3","4,966821","4,96","0,01","5,9495","0,000591"
exec,bolha,go,v1,50000,7,"29,54","21,3","5,3","4,962871","4,96",0,"5,9522","0,0005908"
exec,bolha,go,v1,50000,8,"29,44","21,25","5,3","4,964234","4,96",0,"5,9304","0,0005888"
exec,bolha,go,v1,50000,9,"29,51","21,25","5,29","4,963956","4,97",0,"5,9449","0,0005902"
exec,bolha,go,v1,50000,10,"29,46","21,27","5,3","4,964402","4,96",0,"5,9342","0,0005892"
exec,bolha,go,v1,100000,1,"117,59","84,82","21,1","19,780217","19,79","0,02","5,9448","0,0011759"
exec,bolha,go,v1,100000,2,"118,56","85,62","21,31","19,818265","19,81","0,03","5,9824","0,0011856"
exec,bolha,go,v1,100000,3,"117,75","84,97","21,11","19,786117","19,79","0,02","5,9511","0,0011775"
exec,bolha,go,v1,100000,4,"118,04","85,19","21,17","19,806285","19,79","0,05","5,9597","0,0011804"
exec,bolha,go,v1,100000,5,"117,84","85,08","21,16","19,805858","19,81","0,02","5,9498","0,0011784"
exec,bolha,go,v1,100000,6,"118,46","85,57","21,12","19,789626","19,79","0,03","5,986","0,0011846"
exec,bolha,go,v1,100000,7,"117,8","84,99","21,13","19,80108","19,8","0,02","5,9492","0,001178"
exec,bolha,go,v1,100000,8,"117,59","84,83","21,12","19,794796","19,81","0,01","5,9405","0,0011759"
exec,bolha,go,v1,100000,9,118,"85,16","21,13","19,792386","19,78","0,03","5,9619","0,00118"
exec,bolha,go,v1,100000,10,"117,68","84,93","21,16","19,812253","19,82","0,02","5,9398","0,0011768"
exec,bolha,go,v2,10,1,"0,02","0,01","0,01","0,003154",0,0,"6,3409","0,002"
exec,bolha,go,v2,10,2,"0,01","0,01",0,"0,002871",0,0,"3,4828","0,001"
exec,bolha,go,v2,10,3,"0,02","0,01","0,01","0,003022",0,0,"6,6176","0,002"
exec,bolha,go,v2,10,4,"0,02","0,02","0,01","0,003062",0,0,"6,5322","0,002"
exec,bolha,go,v2,10,5,"0,02","0,01","0,01","0,002818",0,0,"7,097","0,002"
exec,bolha,go,v2,10,6,"0,02","0,01","0,01","0,002841",0,0,"7,0388","0,002"
exec,bolha,go,v2,10,7,"0,02","0,01","0,01","0,003045",0,0,"6,5692","0,002"
exec,bolha,go,v2,10,8,"0,02","0,01","0,01","0,002825",0,0,"7,0806","0,002"
exec,bolha,go,v2,10,9,"0,02","0,01","0,01","0,002573",0,0,"7,7736","0,002"
exec,bolha,go,v2,10,10,"0,02","0,01","0,01","0,003062",0,0,"6,532","0,002"
exec,bolha,go,v2,100,1,"0,02","0,01","0,01","0,003077",0,0,"6,5007","0,0002"
exec,bolha,go,v2,100,2,"0,01","0,01",0,"0,002552",0,0,"3,9191","0,0001"
exec,bolha,go,v2,100,3,"0,02","0,01","0,01","0,002928",0,0,"6,83","0,0002"
exec,bolha,go,v2,100,4,"0,03","0,02","0,01","0,003268",0,0,"9,181","0,0003"
exec,bolha,go,v2,100,5,"0,01","0,01",0,"0,002835",0,0,"3,5271","0,0001"
exec,bolha,go,v2,100,6,"0,02","0,01","0,01","0,002609",0,0,"7,6665","0,0002"
exec,bolha,go,v2,100,7,"0,02","0,01","0,01","0,002776",0,0,"7,2041","0,0002"
exec,bolha,go,v2,100,8,"0,02","0,01","0,01","0,003003",0,0,"6,6591","0,0002"
exec,bolha,go,v2,100,9,"0,02","0,01","0,01","0,002935",0,0,"6,8138","0,0002"
exec,bolha,go,v2,100,10,"0,02","0,01","0,01","0,002672",0,0,"7,4863","0,0002"
exec,bolha,go,v2,1000,1,"0,03","0,02","0,01","0,005059",0,0,"5,9298","0,00003"
exec,bolha,go,v2,1000,2,"0,03","0,02","0,01","0,004881",0,0,"6,1466","0,00003"
exec,bolha,go,v2,1000,3,"0,03","0,02","0,01","0,004668",0,0,"6,4264","0,00003"
exec,bolha,go,v2,1000,4,"0,03","0,02","0,01","0,004951",0,0,"6,0596","0,00003"
exec,bolha,go,v2,1000,5,"0,03","0,02","0,01","0,005363",0,0,"5,5944","0,00003"
exec,bolha,go,v2,1000,6,"0,04","0,03","0,01","0,005378",0,0,"7,4384","0,00004"
exec,bolha,go,v2,1000,7,"0,04","0,03","0,01","0,005064",0,0,"7,8988","0,00004"
exec,bolha,go,v2,1000,8,"0,03","0,02","0,01","0,004904",0,0,"6,1175","0,00003"
exec,bolha,go,v2,1000,9,"0,03","0,02","0,01","0,004923",0,0,"6,0943","0,00003"
exec,bolha,go,v2,1000,10,"0,03","0,02","0,01","0,005241",0,0,"5,7239","0,00003"
exec,bolha,go,v2,10000,1,"1,17","0,86","0,21","0,192258","0,18",0,"6,0856","0,000117"
exec,bolha,go,v2,10000,2,"1,16","0,84","0,21","0,192332","0,19",0,"6,0312","0,000116"
exec,bolha,go,v2,10000,3,"1,2","0,88","0,22","0,193579","0,18",0,"6,199","0,00012"
exec,bolha,go,v2,10000,4,"1,18","0,85","0,21","0,191084","0,18",0,"6,1753","0,000118"
exec,bolha,go,v2,10000,5,"1,17","0,84","0,21","0,191383","0,18",0,"6,1134","0,000117"
exec,bolha,go,v2,10000,6,"1,15","0,84","0,21","0,191875","0,18",0,"5,9935","0,000115"
exec,bolha,go,v2,10000,7,"1,16","0,84","0,21","0,192077","0,19",0,"6,0392","0,000116"
exec,bolha,go,v2,10000,8,"1,16","0,83","0,22","0,199004","0,19",0,"5,829","0,000116"
exec,bolha,go,v2,10000,9,"1,15","0,84","0,21","0,192272","0,18",0,"5,9811","0,000115"
exec,bolha,go,v2,10000,10,"1,14","0,83","0,21","0,191915","0,19",0,"5,9401","0,000114"
exec,bolha,go,v2,50000,1,"30,14","22,01","5,21","4,876506","4,87","0,01","6,1807","0,0006028"
exec,bolha,go,v2,50000,2,"29,98","21,93","5,21","4,881347","4,88",0,"6,1417","0,0005996"
exec,bolha,go,v2,50000,3,"30,32","22,18","5,24","4,890677","4,87","0,02","6,1996","0,0006064"
exec,bolha,go,v2,50000,4,"30,77","22,63","5,27","4,891894","4,89",0,"6,29","0,0006154"
exec,bolha,go,v2,50000,5,"30,26","22,18","5,22","4,871498","4,86","0,01","6,2116","0,0006052"
exec,bolha,go,v2,50000,6,"30,23","22,1","5,19","4,866395","4,87",0,"6,212","0,0006046"
exec,bolha,go,v2,50000,7,"30,22","22,14","5,22","4,880405","4,86","0,01","6,1921","0,0006044"
exec,bolha,go,v2,50000,8,"30,39","22,22","5,24","4,879395","4,88",0,"6,2282","0,0006078"
exec,bolha,go,v2,50000,9,"30,05","21,99","5,2","4,874183","4,86","0,01","6,1651","0,000601"
exec,bolha,go,v2,50000,10,"30,09","22,01","5,21","4,873058","4,87",0,"6,1748","0,0006018"
exec,bolha,go,v2,100000,1,"120,77","88,43","20,8","19,46159","19,44","0,04","6,2056","0,0012077"
exec,bolha,go,v2,100000,2,"120,54","88,19","20,81","19,479724","19,47","0,03","6,188","0,0012054"
exec,bolha,go,v2,100000,3,"121,24","88,79","20,78","19,464374","19,49",0,"6,2288","0,0012124"
exec,bolha,go,v2,100000,4,"120,66","88,31","20,8","19,472654","19,45","0,05","6,1964","0,0012066"
exec,bolha,go,v2,100000,5,"120,77","88,4","20,76","19,444031","19,45","0,02","6,2112","0,0012077"
exec,bolha,go,v2,100000,6,"120,25","87,97","20,77","19,465358","19,45","0,04","6,1776","0,0012025"
exec,bolha,go,v2,100000,7,"119,89","87,69","20,79","19,46662","19,48","0,01","6,1587","0,0011989"
exec,bolha,go,v2,100000,8,"120,25","87,96","20,77","19,45649","19,45","0,04","6,1805","0,0012025"
exec,bolha,go,v2,100000,9,"119,81","87,6","20,79","19,47301","19,48","0,02","6,1526","0,0011981"
exec,bolha,go,v2,100000,10,"120,47","88,17","20,87","19,482982","19,49","0,02","6,1833","0,0012047"
exec,bolha,rust,v1,10,1,"0,01","0,01",0,"0,002548","0,001",0,"3,9248","0,001"
exec,bolha,rust,v1,10,2,"0,02","0,01",0,"0,002521","0,001",0,"7,9343","0,002"
exec,bolha,rust,v1,10,3,"0,01","0,01",0,"0,002573","0,001",0,"3,8865","0,001"
exec,bolha,rust,v1,10,4,"0,02","0,01","0,01","0,003458","0,001",0,"5,7841","0,002"
exec,bolha,rust,v1,10,5,"0,02","0,01","0,01","0,002892","0,001",0,"6,9164","0,002"
exec,bolha,rust,v1,10,6,"0,02","0,01","0,01","0,002807","0,001",0,"7,124","0,002"
exec,bolha,rust,v1,10,7,"0,04","0,03","0,01","0,004787","0,001",0,"8,3552","0,004"
exec,bolha,rust,v1,10,8,"0,02","0,01","0,01","0,002787","0,001",0,"7,1774","0,002"
exec,bolha,rust,v1,10,9,"0,01","0,01",0,"0,002758",0,"0,001","3,6255","0,001"
exec,bolha,rust,v1,10,10,"0,02","0,01","0,01","0,002758","0,001",0,"7,2523","0,002"
exec,bolha,rust,v1,100,1,"0,02","0,01",0,"0,002555","0,001",0,"7,8291","0,0002"
exec,bolha,rust,v1,100,2,"0,01","0,01",0,"0,002788","0,001",0,"3,5873","0,0001"
exec,bolha,rust,v1,100,3,"0,01","0,01",0,"0,002656","0,001",0,"3,7649","0,0001"
exec,bolha,rust,v1,100,4,"0,02","0,01","0,01","0,003002",0,"0,001","6,6612","0,0002"
exec,bolha,rust,v1,100,5,"0,02","0,01","0,01","0,002961","0,001",0,"6,754","0,0002"
exec,bolha,rust,v1,100,6,"0,02","0,02","0,01","0,003427","0,002",0,"5,8359","0,0002"
exec,bolha,rust,v1,100,7,"0,02","0,01","0,01","0,0029","0,001",0,"6,8964","0,0002"
exec,bolha,rust,v1,100,8,"0,02","0,01","0,01","0,003031","0,001",0,"6,5996","0,0002"
exec,bolha,rust,v1,100,9,"0,03","0,02","0,02","0,004606",0,"0,002","6,5134","0,0003"
exec,bolha,rust,v1,100,10,"0,02","0,01",0,"0,002814","0,001",0,"7,1083","0,0002"
exec,bolha,rust,v1,1000,1,"0,02","0,02","0,01","0,004726","0,003",0,"4,2322","0,00002"
exec,bolha,rust,v1,1000,2,"0,03","0,02","0,01","0,005176","0,003",0,"5,7958","0,00003"
exec,bolha,rust,v1,1000,3,"0,03","0,02","0,01","0,004951",0,"0,003","6,0593","0,00003"
exec,bolha,rust,v1,1000,4,"0,03","0,02","0,01","0,005208","0,003",0,"5,7606","0,00003"
exec,bolha,rust,v1,1000,5,"0,04","0,03","0,01","0,005621","0,003",0,"7,1166","0,00004"
exec,bolha,rust,v1,1000,6,"0,03","0,02","0,01","0,005082","0,003",0,"5,9033","0,00003"
exec,bolha,rust,v1,1000,7,"0,03","0,02","0,01","0,005076","0,003",0,"5,9102","0,00003"
exec,bolha,rust,v1,1000,8,"0,03","0,02","0,01","0,005125","0,003",0,"5,8539","0,00003"
exec,bolha,rust,v1,1000,9,"0,03","0,02","0,01","0,00505","0,003",0,"5,9407","0,00003"
exec,bolha,rust,v1,1000,10,"0,03","0,02","0,01","0,005161","0,003",0,"5,8123","0,00003"
exec,bolha,rust,v1,10000,1,"1,21","0,85","0,22","0,207457","0,202","0,004","5,8325","0,000121"
exec,bolha,rust,v1,10000,2,"1,21","0,87","0,23","0,210395","0,209",0,"5,7511","0,000121"
exec,bolha,rust,v1,10000,3,"1,2","0,86","0,22","0,209974","0,208",0,"5,715","0,00012"
exec,bolha,rust,v1,10000,4,"1,34","0,98","0,28","0,215377","0,213",0,"6,2216","0,000134"
exec,bolha,rust,v1,10000,5,"1,32","0,96","0,28","0,214786","0,209","0,004","6,1456","0,000132"
exec,bolha,rust,v1,10000,6,"1,34","0,97","0,29","0,217267","0,215",0,"6,1675","0,000134"
exec,bolha,rust,v1,10000,7,"1,35","0,97","0,29","0,214709","0,209","0,004","6,2876","0,000135"
exec,bolha,rust,v1,10000,8,"1,32","0,94","0,27","0,213657","0,208","0,004","6,1781","0,000132"
exec,bolha,rust,v1,10000,9,"1,3","0,94","0,27","0,216226","0,213",0,"6,0122","0,00013"
exec,bolha,rust,v1,10000,10,"1,34","0,98","0,29","0,216417","0,214",0,"6,1917","0,000134"
exec,bolha,rust,v1,50000,1,"30,17","21,62","5,53","5,192306","5,19",0,"5,8105","0,0006034"
exec,bolha,rust,v1,50000,2,"29,94","21,43","5,52","5,185833","5,18","0,004","5,7734","0,0005988"
exec,bolha,rust,v1,50000,3,"30,46","21,79","5,53","5,193905","5,186","0,004","5,8646","0,0006092"
exec,bolha,rust,v1,50000,4,"33,25","24,18","6,9","5,344233","5,338","0,004","6,2217","0,000665"
exec,bolha,rust,v1,50000,5,"33,78","24,64","6,98","5,351514","5,336","0,012","6,3122","0,0006756"
exec,bolha,rust,v1,50000,6,"32,49","23,49","6,43","5,30434","5,28","0,02","6,1252","0,0006498"
exec,bolha,rust,v1,50000,7,"30,19","21,64","5,55","5,191772","5,186","0,004","5,815","0,0006038"
exec,bolha,rust,v1,50000,8,"30,65","22,03","5,71","5,211947","5,206","0,004","5,8807","0,000613"
exec,bolha,rust,v1,50000,9,"30,21","21,6","5,55","5,183757","5,182",0,"5,8278","0,0006042"
exec,bolha,rust,v1,50000,10,"31,25","22,48","5,93","5,2859","5,284",0,"5,912","0,000625"
exec,bolha,rust,v1,100000,1,"122,3","87,91","22,27","20,806975","20,792","0,012","5,8778","0,001223"
exec,bolha,rust,v1,100000,2,"121,6","87,28","22,1","20,758386","20,748","0,008","5,8579","0,001216"
exec,bolha,rust,v1,100000,3,"123,79","89,05","22,21","20,816151","20,807","0,004","5,9468","0,0012379"
exec,bolha,rust,v1,100000,4,"131,4","95,49","25,72","21,214321","21,207","0,004","6,1939","0,001314"
exec,bolha,rust,v1,100000,5,"121,96","87,56","22,38","20,798824","20,792","0,004","5,8638","0,0012196"
exec,bolha,rust,v1,100000,6,"120,95","86,7","22,17","20,759775","20,757",0,"5,8262","0,0012095"
exec,bolha,rust,v1,100000,7,"122,29","87,78","22,2","20,770691","20,752","0,016","5,8876","0,0012229"
exec,bolha,rust,v1,100000,8,"122,61","87,96","22,4","20,805562","20,799","0,004","5,8931","0,0012261"
exec,bolha,rust,v1,100000,9,"121,49","87,1","22,2","20,782787","20,77","0,008","5,8457","0,0012149"
exec,bolha,rust,v1,100000,10,"121,7","87,27","22,19","20,787463","20,768","0,016","5,8545","0,001217"
exec,bolha,rust,v2,10,1,"0,01","0,01",0,"0,002526","0,001",0,"3,9587","0,001"
exec,bolha,rust,v2,10,2,"0,01","0,01",0,"0,002592","0,001",0,"3,8577","0,001"
exec,bolha,rust,v2,10,3,"0,01","0,01",0,"0,002533","0,001",0,"3,948","0,001"
exec,bolha,rust,v2,10,4,"0,02","0,01","0,01","0,002873","0,001",0,"6,9625","0,002"
exec,bolha,rust,v2,10,5,"0,01","0,01",0,"0,002659","0,001",0,"3,7611","0,001"
exec,bolha,rust,v2,10,6,"0,02","0,01","0,01","0,002862","0,001",0,"6,9878","0,002"
exec,bolha,rust,v2,10,7,"0,02","0,01","0,01","0,002756","0,001",0,"7,2564","0,002"
exec,bolha,rust,v2,10,8,"0,01","0,01",0,"0,002725","0,001",0,"3,6692","0,001"
exec,bolha,rust,v2,10,9,"0,02","0,01","0,01","0,002701","0,001",0,"7,404","0,002"
exec,bolha,rust,v2,10,10,"0,02","0,01","0,01","0,002768","0,001",0,"7,2243","0,002"
exec,bolha,rust,v2,100,1,"0,01","0,01",0,"0,0025","0,001",0,"4,0004","0,0001"
exec,bolha,rust,v2,100,2,"0,01","0,01",0,"0,002734","0,001",0,"3,6575","0,0001"
exec,bolha,rust,v2,100,3,"0,02","0,01",0,"0,002842","0,001",0,"7,0363","0,0002"
exec,bolha,rust,v2,100,4,"0,02","0,01","0,01","0,002662","0,001",0,"7,5131","0,0002"
exec,bolha,rust,v2,100,5,"0,02","0,01","0,01","0,002652","0,001",0,"7,5406","0,0002"
exec,bolha,rust,v2,100,6,"0,02","0,01","0,01","0,002893","0,001",0,"6,9138","0,0002"
exec,bolha,rust,v2,100,7,"0,02","0,01","0,01","0,002796","0,001",0,"7,1539","0,0002"
exec,bolha,rust,v2,100,8,"0,02","0,01","0,01","0,002697","0,001",0,"7,4145","0,0002"
exec,bolha,rust,v2,100,9,"0,01","0,01",0,"0,002721","0,001",0,"3,6746","0,0001"
exec,bolha,rust,v2,100,10,"0,02","0,01","0,01","0,00277","0,001",0,"7,2212","0,0002"
exec,bolha,rust,v2,1000,1,"0,02","0,02","0,01","0,004145","0,003",0,"4,8257","0,00002"
exec,bolha,rust,v2,1000,2,"0,02","0,02","0,01","0,004111","0,002",0,"4,8646","0,00002"
exec,bolha,rust,v2,1000,3,"0,03","0,02","0,01","0,004268",0,"0,003","7,0289","0,00003"
exec,bolha,rust,v2,1000,4,"0,02","0,02","0,01","0,004229",0,"0,002","4,7292","0,00002"
exec,bolha,rust,v2,1000,5,"0,03","0,02","0,01","0,004354","0,002",0,"6,8901","0,00003"
exec,bolha,rust,v2,1000,6,"0,03","0,02","0,01","0,0043",0,"0,002","6,9764","0,00003"
exec,bolha,rust,v2,1000,7,"0,02","0,02","0,01","0,004268","0,002",0,"4,6855","0,00002"
exec,bolha,rust,v2,1000,8,"0,02","0,02","0,01","0,004258",0,"0,002","4,697","0,00002"
exec,bolha,rust,v2,1000,9,"0,02","0,02","0,01","0,004118","0,002",0,"4,857","0,00002"
exec,bolha,rust,v2,1000,10,"0,02","0,02","0,01","0,004201","0,003",0,"4,7605","0,00002"
exec,bolha,rust,v2,10000,1,"0,85","0,6","0,16","0,153202","0,148","0,004","5,5482","0,000085"
exec,bolha,rust,v2,10000,2,"0,87","0,62","0,17","0,154037","0,152",0,"5,648","0,000087"
exec,bolha,rust,v2,10000,3,"0,86","0,6","0,17","0,154192","0,153",0,"5,5774","0,000086"
exec,bolha,rust,v2,10000,4,"0,87","0,61","0,17","0,154399","0,148","0,004","5,6348","0,000087"
exec,bolha,rust,v2,10000,5,"0,85","0,6","0,17","0,154036","0,152",0,"5,5182","0,000085"
exec,bolha,rust,v2,10000,6,"0,85","0,6","0,17","0,154067","0,148","0,004","5,5171","0,000085"
exec,bolha,rust,v2,10000,7,"0,88","0,61","0,17","0,154416","0,152",0,"5,6989","0,000088"
exec,bolha,rust,v2,10000,8,"0,87","0,6","0,17","0,153842","0,148","0,004","5,6551","0,000087"
exec,bolha,rust,v2,10000,9,"0,87","0,61","0,17","0,154027","0,148","0,004","5,6484","0,000087"
exec,bolha,rust,v2,10000,10,"0,86","0,61","0,17","0,154419","0,153",0,"5,5693","0,000086"
exec,bolha,rust,v2,50000,1,"21,77","15,41","4,04","3,788765","3,787",0,"5,7459","0,0004354"
exec,bolha,rust,v2,50000,2,"22,22","15,78","4,16","3,822934","3,809","0,012","5,8123","0,0004444"
exec,bolha,rust,v2,50000,3,"21,73","15,35","4,03","3,787933","3,778","0,008","5,7366","0,0004346"
exec,bolha,rust,v2,50000,4,"21,56","15,23","4,06","3,791959","3,786","0,004","5,6857","0,0004312"
exec,bolha,rust,v2,50000,5,"21,9","15,55","4,18","3,813181","3,807","0,004","5,7432","0,000438"
exec,bolha,rust,v2,50000,6,"21,72","15,35","4,04","3,786038","3,776","0,008","5,7369","0,0004344"
exec,bolha,rust,v2,50000,7,"21,65","15,3","4,05","3,787602","3,781","0,004","5,716","0,000433"
exec,bolha,rust,v2,50000,8,"21,49","15,15","4,05","3,790387","3,784","0,004","5,6696","0,0004298"
exec,bolha,rust,v2,50000,9,"21,49","15,17","4,04","3,788067","3,786",0,"5,6731","0,0004298"
exec,bolha,rust,v2,50000,10,"21,59","15,24","4,06","3,793039","3,779","0,012","5,692","0,0004318"
exec,bolha,rust,v2,100000,1,"87,56","62,1","16,13","15,12541","15,099","0,024","5,7889","0,0008756"
exec,bolha,rust,v2,100000,2,"87,36","61,97","16,14","15,126427","15,12","0,004","5,7753","0,0008736"
exec,bolha,rust,v2,100000,3,"87,7","62,26","16,08","15,110313","15,102","0,004","5,804","0,000877"
exec,bolha,rust,v2,100000,4,"86,87","61,49","16,13","15,12849","15,119","0,004","5,7421","0,0008687"
exec,bolha,rust,v2,100000,5,"87,12","61,73","16,14","15,122455","15,12",0,"5,761","0,0008712"
exec,bolha,rust,v2,100000,6,"87,82","62,27","16,14","15,119598","15,105","0,012","5,8084","0,0008782"
exec,bolha,rust,v2,100000,7,"87,07","61,71","16,12","15,111195","15,101","0,008","5,762","0,0008707"
exec,bolha,rust,v2,100000,8,"87,24","61,79","16,12","15,118578","15,114",0,"5,7704","0,0008724"
exec,bolha,rust,v2,100000,9,"88,09","62,62","16,21","15,147268","15,14","0,004","5,8156","0,0008809"
exec,bolha,rust,v2,100000,10,"86,93","61,55","16,15","15,127675","15,117","0,008","5,7464","0,0008693"
exec,insertion,go,v1,10,1,"0,02","0,01","0,01","0,002617",0,0,"7,6433","0,002"
exec,insertion,go,v1,10,2,"0,02","0,01","0,01","0,002489",0,0,"8,0339","0,002"
exec,insertion,go,v1,10,3,"0,02","0,01","0,01","0,002599",0,0,"7,695","0,002"
exec,insertion,go,v1,10,4,"0,01","0,01",0,"0,002864",0,0,"3,4911","0,001"
exec,insertion,go,v1,10,5,"0,02","0,01","0,01","0,002595",0,0,"7,7059","0,002"
exec,insertion,go,v1,10,6,"0,02","0,01","0,01","0,002728",0,0,"7,332","0,002"
exec,insertion,go,v1,10,7,"0,02","0,01","0,01","0,002846",0,0,"7,0263","0,002"
exec,insertion,go,v1,10,8,"0,02","0,01","0,01","0,00275",0,0,"7,2726","0,002"
exec,insertion,go,v1,10,9,"0,02","0,01","0,01","0,003335",0,0,"5,9969","0,002"
exec,insertion,go,v1,10,10,"0,02","0,01","0,01","0,002958",0,0,"6,762","0,002"
exec,insertion,go,v1,100,1,"0,02","0,01","0,01","0,002948",0,0,"6,7853","0,0002"
exec,insertion,go,v1,100,2,"0,03","0,02","0,01","0,004329",0,0,"6,9293","0,0003"
exec,insertion,go,v1,100,3,"0,02","0,01","0,01","0,003283",0,0,"6,0925","0,0002"
exec,insertion,go,v1,100,4,"0,03","0,02","0,01","0,003418",0,0,"8,7765","0,0003"
exec,insertion,go,v1,100,5,"0,02","0,01","0,01","0,003178",0,0,"6,293","0,0002"
exec,insertion,go,v1,100,6,"0,02","0,01","0,01","0,003105",0,0,"6,4418","0,0002"
exec,insertion,go,v1,100,7,"0,02","0,01","0,01","0,002962",0,0,"6,7526","0,0002"
exec,insertion,go,v1,100,8,"0,01","0,01",0,"0,002737",0,0,"3,6537","0,0001"
exec,insertion,go,v1,100,9,"0,02","0,01","0,01","0,002708",0,0,"7,3849","0,0002"
exec,insertion,go,v1,100,10,"0,03","0,02","0,01","0,002809",0,0,"10,6804","0,0003"
exec,insertion,go,v1,1000,1,"0,02","0,02","0,01","0,003842",0,0,"5,2055","0,00002"
exec,insertion,go,v1,1000,2,"0,02","0,02","0,01","0,003929",0,0,"5,0908","0,00002"
exec,insertion,go,v1,1000,3,"0,02","0,02","0,01","0,003585",0,0,"5,5789","0,00002"
exec,insertion,go,v1,1000,4,"0,02","0,02","0,01","0,003821",0,0,"5,2349","0,00002"
exec,insertion,go,v1,1000,5,"0,02","0,02","0,01","0,003797",0,0,"5,2668","0,00002"
exec,insertion,go,v1,1000,6,"0,02","0,01","0,01","0,003383",0,0,"5,9123","0,00002"
exec,insertion,go,v1,1000,7,"0,02","0,01","0,01","0,003319",0,0,"6,025","0,00002"
exec,insertion,go,v1,1000,8,"0,02","0,02","0,01","0,003565",0,0,"5,6095","0,00002"
exec,insertion,go,v1,1000,9,"0,02","0,02","0,01","0,00366",0,0,"5,4641","0,00002"
exec,insertion,go,v1,1000,10,"0,03","0,02","0,01","0,003605",0,0,"8,3226","0,00003"
exec,insertion,go,v1,10000,1,"0,28","0,2","0,06","0,051237","0,05",0,"5,4648","0,000028"
exec,insertion,go,v1,10000,2,"0,29","0,2","0,06","0,052231","0,04",0,"5,5522","0,000029"
exec,insertion,go,v1,10000,3,"0,29","0,2","0,06","0,051706","0,04",0,"5,6086","0,000029"
exec,insertion,go,v1,10000,4,"0,29","0,2","0,06","0,052094","0,05",0,"5,5668","0,000029"
exec,insertion,go,v1,10000,5,"0,31","0,22","0,07","0,052312","0,04",0,"5,926","0,000031"
exec,insertion,go,v1,10000,6,"0,29","0,2","0,06","0,052634","0,05",0,"5,5097","0,000029"
exec,insertion,go,v1,10000,7,"0,29","0,2","0,06","0,051558","0,05",0,"5,6248","0,000029"
exec,insertion,go,v1,10000,8,"0,28","0,2","0,06","0,051553","0,05",0,"5,4313","0,000028"
exec,insertion,go,v1,10000,9,"0,28","0,2","0,06","0,051384","0,04",0,"5,4491","0,000028"
exec,insertion,go,v1,10000,10,"0,28","0,19","0,06","0,051182","0,04",0,"5,4707","0,000028"
exec,insertion,go,v1,50000,1,"6,47","4,48","1,25","1,168056","1,17",0,"5,5391","0,0001294"
exec,insertion,go,v1,50000,2,"6,42","4,49","1,26","1,168491","1,16",0,"5,4943","0,0001284"
exec,insertion,go,v1,50000,3,"6,45","4,46","1,25","1,16776","1,16",0,"5,5234","0,000129"
exec,insertion,go,v1,50000,4,"6,47","4,49","1,26","1,168441","1,17",0,"5,5373","0,0001294"
exec,insertion,go,v1,50000,5,"6,39","4,45","1,25","1,166235","1,16",0,"5,4792","0,0001278"
exec,insertion,go,v1,50000,6,"6,44","4,46","1,25","1,168288","1,16",0,"5,5123","0,0001288"
exec,insertion,go,v1,50000,7,"6,49","4,55","1,25","1,168467","1,16",0,"5,5543","0,0001298"
exec,insertion,go,v1,50000,8,"6,51","4,51","1,26","1,168102","1,17",0,"5,5731","0,0001302"
exec,insertion,go,v1,50000,9,"6,47","4,51","1,26","1,168654","1,16",0,"5,5363","0,0001294"
exec,insertion,go,v1,50000,10,"6,43","4,47","1,25","1,167924","1,16",0,"5,5055","0,0001286"
exec,insertion,go,v1,100000,1,"26,02","18,2","4,95","4,639753","4,64","0,01","5,6081","0,0002602"
exec,insertion,go,v1,100000,2,"26,17","18,31","4,97","4,639226","4,64",0,"5,641","0,0002617"
exec,insertion,go,v1,100000,3,"26,01","18,2","4,95","4,633908","4,62","0,01","5,613","0,0002601"
exec,insertion,go,v1,100000,4,"26,29","18,45","4,99","4,647085","4,64","0,01","5,6573","0,0002629"
exec,insertion,go,v1,100000,5,"26,18","18,29","4,96","4,636024","4,64",0,"5,6471","0,0002618"
exec,insertion,go,v1,100000,6,"26,29","18,44","4,98","4,645588","4,64","0,01","5,6591","0,0002629"
exec,insertion,go,v1,100000,7,"26,04","18,23","4,95","4,639383","4,63","0,01","5,6128","0,0002604"
exec,insertion,go,v1,100000,8,"26,25","18,36","4,96","4,642301","4,63","0,01","5,6545","0,0002625"
exec,insertion,go,v1,100000,9,"25,93","18,14","4,95","4,63598","4,63",0,"5,5932","0,0002593"
exec,insertion,go,v1,100000,10,"26,12","18,28","4,95","4,641549","4,65",0,"5,6274","0,0002612"
exec,insertion,go,v2,10,1,"0,02","0,01","0,01","0,003243",0,0,"6,1679","0,002"
exec,insertion,go,v2,10,2,"0,02","0,01","0,01","0,003193",0,0,"6,2631","0,002"
exec,insertion,go,v2,10,3,"0,02","0,01","0,01","0,002882",0,0,"6,9392","0,002"
exec,insertion,go,v2,10,4,"0,02","0,01","0,01","0,003095",0,0,"6,4615","0,002"
exec,insertion,go,v2,10,5,"0,02","0,01","0,01","0,002922",0,0,"6,8439","0,002"
exec,insertion,go,v2,10,6,"0,02","0,01","0,01","0,00261",0,0,"7,6642","0,002"
exec,insertion,go,v2,10,7,"0,02","0,01","0,01","0,002728",0,0,"7,3309","0,002"
exec,insertion,go,v2,10,8,"0,01","0,01",0,"0,002739",0,0,"3,651","0,001"
exec,insertion,go,v2,10,9,"0,02","0,01","0,01","0,003074",0,0,"6,5053","0,002"
exec,insertion,go,v2,10,10,"0,01","0,01",0,"0,002679",0,0,"3,7333","0,001"
exec,insertion,go,v2,100,1,"0,02","0,01","0,01","0,002907",0,0,"6,8788","0,0002"
exec,insertion,go,v2,100,2,"0,02","0,01","0,01","0,002704",0,0,"7,3953","0,0002"
exec,insertion,go,v2,100,3,"0,02","0,01","0,01","0,003131",0,0,"6,3873","0,0002"
exec,insertion,go,v2,100,4,"0,02","0,01","0,01","0,002956",0,0,"6,7661","0,0002"
exec,insertion,go,v2,100,5,"0,02","0,01","0,01","0,003187",0,0,"6,275","0,0002"
exec,insertion,go,v2,100,6,"0,03","0,02","0,01","0,003084",0,0,"9,7279","0,0003"
exec,insertion,go,v2,100,7,"0,01","0,01",0,"0,002783",0,0,"3,5938","0,0001"
exec,insertion,go,v2,100,8,"0,02","0,01","0,01","0,002836",0,0,"7,0516","0,0002"
exec,insertion,go,v2,100,9,"0,01","0,01",0,"0,002752",0,0,"3,6335","0,0001"
exec,insertion,go,v2,100,10,"0,01","0,01",0,"0,002714",0,0,"3,6845","0,0001"
exec,insertion,go,v2,1000,1,"0,02","0,01","0,01","0,003613",0,0,"5,5355","0,00002"
exec,insertion,go,v2,1000,2,"0,02","0,01","0,01","0,003514",0,0,"5,692","0,00002"
exec,insertion,go,v2,1000,3,"0,02","0,01","0,01","0,003589",0,0,"5,5732","0,00002"
exec,insertion,go,v2,1000,4,"0,02","0,02","0,01","0,003551",0,0,"5,6319","0,00002"
exec,insertion,go,v2,1000,5,"0,02","0,01","0,01","0,003164",0,0,"6,3201","0,00002"
exec,insertion,go,v2,1000,6,"0,02","0,01","0,01","0,002974",0,0,"6,7247","0,00002"
exec,insertion,go,v2,1000,7,"0,02","0,01","0,01","0,003116",0,0,"6,4184","0,00002"
exec,insertion,go,v2,1000,8,"0,02","0,01","0,01","0,003053",0,0,"6,5506","0,00002"
exec,insertion,go,v2,1000,9,"0,02","0,01","0,01","0,003048",0,0,"6,5618","0,00002"
exec,insertion,go,v2,1000,10,"0,02","0,01","0,01","0,003032",0,0,"6,5962","0,00002"
exec,insertion,go,v2,10000,1,"0,12","0,09","0,03","0,020924","0,02",0,"5,7349","0,000012"
exec,insertion,go,v2,10000,2,"0,13","0,09","0,03","0,021275","0,02",0,"6,1106","0,000013"
exec,insertion,go,v2,10000,3,"0,12","0,09","0,02","0,020866","0,01",0,"5,7509","0,000012"
exec,insertion,go,v2,10000,4,"0,13","0,09","0,03","0,021182","0,02",0,"6,1373","0,000013"
exec,insertion,go,v2,10000,5,"0,13","0,09","0,03","0,021278","0,02",0,"6,1095","0,000013"
exec,insertion,go,v2,10000,6,"0,13","0,09","0,03","0,021231","0,01",0,"6,1232","0,000013"
exec,insertion,go,v2,10000,7,"0,13","0,1","0,03","0,021451","0,02",0,"6,0602","0,000013"
exec,insertion,go,v2,10000,8,"0,13","0,09","0,03","0,021371","0,02",0,"6,0831","0,000013"
exec,insertion,go,v2,10000,9,"0,13","0,1","0,03","0,021356","0,02",0,"6,0873","0,000013"
exec,insertion,go,v2,10000,10,"0,13","0,1","0,03","0,021656","0,02",0,"6,0029","0,000013"
exec,insertion,go,v2,50000,1,"2,68",2,"0,47","0,435599","0,43",0,"6,1524","0,0000536"
exec,insertion,go,v2,50000,2,"2,69","1,98","0,47","0,435282","0,42",0,"6,1799","0,0000538"
exec,insertion,go,v2,50000,3,"2,71","1,99","0,47","0,435246","0,42",0,"6,2264","0,0000542"
exec,insertion,go,v2,50000,4,"2,71","2,01","0,49","0,441189","0,43",0,"6,1425","0,0000542"
exec,insertion,go,v2,50000,5,"2,66","1,98","0,47","0,435093","0,43",0,"6,1136","0,0000532"
exec,insertion,go,v2,50000,6,"2,69",2,"0,48","0,436382","0,43",0,"6,1643","0,0000538"
exec,insertion,go,v2,50000,7,"2,74","1,99","0,47","0,436348","0,42",0,"6,2794","0,0000548"
exec,insertion,go,v2,50000,8,"2,69",2,"0,47","0,43598","0,43",0,"6,17","0,0000538"
exec,insertion,go,v2,50000,9,"2,72","2,02","0,48","0,439912","0,42","0,01","6,1831","0,0000544"
exec,insertion,go,v2,50000,10,"2,68","1,99","0,48","0,43709","0,43",0,"6,1315","0,0000536"
exec,insertion,go,v2,100000,1,"11,6","8,67","1,94","1,805643","1,81",0,"6,4243","0,000116"
exec,insertion,go,v2,100000,2,"11,54","8,64","1,93","1,805646","1,8",0,"6,3911","0,0001154"
exec,insertion,go,v2,100000,3,"11,69","8,76","1,94","1,802873","1,79","0,02","6,4841","0,0001169"
exec,insertion,go,v2,100000,4,"11,92","8,97","1,95","1,816279","1,81",0,"6,5629","0,0001192"
exec,insertion,go,v2,100000,5,"12,14","9,16",2,"1,82915","1,82",0,"6,637","0,0001214"
exec,insertion,go,v2,100000,6,"11,79","8,85","1,94","1,80914","1,81",0,"6,5169","0,0001179"
exec,insertion,go,v2,100000,7,"11,75","8,81","1,94","1,800941","1,8",0,"6,5244","0,0001175"
exec,insertion,go,v2,100000,8,"11,76","8,82","1,95","1,806139","1,8",0,"6,5111","0,0001176"
exec,insertion,go,v2,100000,9,"11,54","8,65","1,93","1,804465","1,8",0,"6,3952","0,0001154"
exec,insertion,go,v2,100000,10,"11,57","8,67","1,93","1,804792","1,79","0,01","6,4107","0,0001157"
exec,insertion,rust,v1,10,1,"0,02","0,01","0,01","0,002813",0,"0,001","7,1099","0,002"
exec,insertion,rust,v1,10,2,"0,01","0,01",0,"0,002489","0,001",0,"4,0172","0,001"
exec,insertion,rust,v1,10,3,"0,02","0,01",0,"0,002607",0,"0,001","7,673","0,002"
exec,insertion,rust,v1,10,4,"0,02","0,01","0,01","0,002749","0,001",0,"7,2753","0,002"
exec,insertion,rust,v1,10,5,"0,02","0,01","0,01","0,002988","0,001",0,"6,6937","0,002"
exec,insertion,rust,v1,10,6,"0,01","0,01",0,"0,002639","0,001",0,"3,7898","0,001"
exec,insertion,rust,v1,10,7,"0,02","0,01","0,01","0,002556",0,"0,001","7,8247","0,002"
exec,insertion,rust,v1,10,8,"0,02","0,01","0,01","0,002891","0,001",0,"6,9178","0,002"
exec,insertion,rust,v1,10,9,"0,02","0,01","0,01","0,002789","0,001",0,"7,1719","0,002"
exec,insertion,rust,v1,10,10,"0,02","0,01","0,01","0,002939","0,001",0,"6,8049","0,002"
exec,insertion,rust,v1,100,1,"0,01","0,01",0,"0,002642","0,001",0,"3,7851","0,0001"
exec,insertion,rust,v1,100,2,"0,02","0,01","0,01","0,002634","0,001",0,"7,5918","0,0002"
exec,insertion,rust,v1,100,3,"0,02","0,01","0,01","0,00271",0,"0,001","7,3795","0,0002"
exec,insertion,rust,v1,100,4,"0,02","0,01","0,01","0,002902","0,001",0,"6,8928","0,0002"
exec,insertion,rust,v1,100,5,"0,02","0,01","0,01","0,002667","0,001",0,"7,4991","0,0002"
exec,insertion,rust,v1,100,6,"0,02","0,01","0,01","0,002905","0,001",0,"6,8836","0,0002"
exec,insertion,rust,v1,100,7,"0,02","0,01","0,01","0,002765",0,"0,001","7,2331","0,0002"
exec,insertion,rust,v1,100,8,"0,02","0,01","0,01","0,002808","0,001",0,"7,1225","0,0002"
exec,insertion,rust,v1,100,9,"0,02","0,01","0,01","0,002971","0,001",0,"6,7324","0,0002"
exec,insertion,rust,v1,100,10,"0,01","0,01",0,"0,002842","0,001",0,"3,5181","0,0001"
exec,insertion,rust,v1,1000,1,"0,02","0,01",0,"0,002974","0,001",0,"6,7253","0,00002"
exec,insertion,rust,v1,1000,2,"0,02","0,01",0,"0,003005","0,002",0,"6,6548","0,00002"
exec,insertion,rust,v1,1000,3,"0,02","0,01",0,"0,003048","0,001",0,"6,5607","0,00002"
exec,insertion,rust,v1,1000,4,"0,02","0,01",0,"0,003038","0,001",0,"6,5834","0,00002"
exec,insertion,rust,v1,1000,5,"0,02","0,01",0,"0,003298",0,"0,001","6,0644","0,00002"
exec,insertion,rust,v1,1000,6,"0,02","0,01",0,"0,003387","0,002",0,"5,905","0,00002"
exec,insertion,rust,v1,1000,7,"0,02","0,01",0,"0,00312","0,001",0,"6,4098","0,00002"
exec,insertion,rust,v1,1000,8,"0,02","0,01",0,"0,003215","0,002",0,"6,2202","0,00002"
exec,insertion,rust,v1,1000,9,"0,02","0,01",0,"0,003043",0,"0,001","6,5734","0,00002"
exec,insertion,rust,v1,1000,10,"0,02","0,01","0,01","0,003089","0,001",0,"6,4746","0,00002"
exec,insertion,rust,v1,10000,1,"0,14","0,09","0,03","0,02364","0,022",0,"5,9222","0,000014"
exec,insertion,rust,v1,10000,2,"0,13","0,09","0,03","0,023813","0,022",0,"5,4592","0,000013"
exec,insertion,rust,v1,10000,3,"0,13","0,09","0,03","0,024128","0,022",0,"5,388","0,000013"
exec,insertion,rust,v1,10000,4,"0,13","0,09","0,03","0,024082","0,019","0,004","5,3983","0,000013"
exec,insertion,rust,v1,10000,5,"0,13","0,09","0,03","0,02389","0,022",0,"5,4417","0,000013"
exec,insertion,rust,v1,10000,6,"0,13","0,09","0,03","0,024018","0,019","0,004","5,4127","0,000013"
exec,insertion,rust,v1,10000,7,"0,13","0,09","0,03","0,023777","0,022",0,"5,4676","0,000013"
exec,insertion,rust,v1,10000,8,"0,17","0,13","0,04","0,025024","0,023",0,"6,7935","0,000017"
exec,insertion,rust,v1,10000,9,"0,14","0,1","0,03","0,024607","0,023",0,"5,6894","0,000014"
exec,insertion,rust,v1,10000,10,"0,13","0,09","0,03","0,023861","0,022",0,"5,4483","0,000013"
exec,insertion,rust,v1,50000,1,"2,89","2,07","0,54","0,500034","0,498",0,"5,7796","0,0000578"
exec,insertion,rust,v1,50000,2,"2,87","2,07","0,54","0,50197","0,5",0,"5,7175","0,0000574"
exec,insertion,rust,v1,50000,3,"2,87","2,06","0,54","0,499971","0,498",0,"5,7403","0,0000574"
exec,insertion,rust,v1,50000,4,"2,89","2,07","0,53","0,499037","0,497",0,"5,7912","0,0000578"
exec,insertion,rust,v1,50000,5,"2,96","2,11","0,54","0,501597","0,496","0,004","5,9012","0,0000592"
exec,insertion,rust,v1,50000,6,"2,87","2,07","0,53","0,499401","0,494","0,004","5,7469","0,0000574"
exec,insertion,rust,v1,50000,7,"2,88","2,08","0,54","0,5009","0,491","0,008","5,7497","0,0000576"
exec,insertion,rust,v1,50000,8,"2,89","2,06","0,54","0,500049","0,498",0,"5,7794","0,0000578"
exec,insertion,rust,v1,50000,9,"2,9","2,07","0,54","0,501124","0,499",0,"5,787","0,000058"
exec,insertion,rust,v1,50000,10,"2,88","2,08","0,54","0,501281","0,5",0,"5,7453","0,0000576"
exec,insertion,rust,v1,100000,1,"11,57","8,33","2,12","1,980944","1,975","0,004","5,8407","0,0001157"
exec,insertion,rust,v1,100000,2,"11,56","8,33","2,11","1,980236","1,975","0,004","5,8377","0,0001156"
exec,insertion,rust,v1,100000,3,"11,64","8,39","2,11","1,978274","1,977",0,"5,8839","0,0001164"
exec,insertion,rust,v1,100000,4,"11,77","8,48","2,12","1,979184","1,965","0,012","5,9469","0,0001177"
exec,insertion,rust,v1,100000,5,"11,58","8,34","2,11","1,977991","1,968","0,008","5,8544","0,0001158"
exec,insertion,rust,v1,100000,6,"11,63","8,37","2,12","1,979107","1,973","0,004","5,8764","0,0001163"
exec,insertion,rust,v1,100000,7,"11,73","8,44","2,13","1,984222","1,982",0,"5,9116","0,0001173"
exec,insertion,rust,v1,100000,8,"11,58","8,34","2,12","1,9793","1,965","0,012","5,8506","0,0001158"
exec,insertion,rust,v1,100000,9,"11,64","8,38","2,13","1,983866","1,982",0,"5,8673","0,0001164"
exec,insertion,rust,v1,100000,10,"11,75","8,48","2,12","1,979807","1,974","0,004","5,9349","0,0001175"
exec,insertion,rust,v2,10,1,"0,02","0,01","0,01","0,002736","0,001",0,"7,3113","0,002"
exec,insertion,rust,v2,10,2,"0,02","0,01",0,"0,002503","0,001",0,"7,9896","0,002"
exec,insertion,rust,v2,10,3,"0,01","0,01",0,"0,002713","0,001",0,"3,6863","0,001"
exec,insertion,rust,v2,10,4,"0,02","0,01","0,01","0,003032","0,001",0,"6,5961","0,002"
exec,insertion,rust,v2,10,5,"0,02","0,01","0,01","0,00281","0,001",0,"7,1174","0,002"
exec,insertion,rust,v2,10,6,"0,02","0,01","0,01","0,002775","0,001",0,"7,2084","0,002"
exec,insertion,rust,v2,10,7,"0,02","0,02","0,01","0,00308",0,"0,001","6,4938","0,002"
exec,insertion,rust,v2,10,8,"0,02","0,01","0,01","0,002682","0,001",0,"7,4583","0,002"
exec,insertion,rust,v2,10,9,"0,02","0,01","0,01","0,002751","0,001",0,"7,269","0,002"
exec,insertion,rust,v2,10,10,"0,01","0,01",0,"0,002703","0,001",0,"3,7002","0,001"
exec,insertion,rust,v2,100,1,"0,02","0,01",0,"0,002752","0,001",0,"7,2678","0,0002"
exec,insertion,rust,v2,100,2,"0,01","0,01",0,"0,002546","0,001",0,"3,9283","0,0001"
exec,insertion,rust,v2,100,3,"0,02","0,01","0,01","0,002514","0,001",0,"7,9565","0,0002"
exec,insertion,rust,v2,100,4,"0,02","0,01","0,01","0,003001","0,001",0,"6,6643","0,0002"
exec,insertion,rust,v2,100,5,"0,02","0,01","0,01","0,002769","0,001",0,"7,2222","0,0002"
exec,insertion,rust,v2,100,6,"0,01","0,01",0,"0,002759","0,001",0,"3,6247","0,0001"
exec,insertion,rust,v2,100,7,"0,02","0,01","0,01","0,002893","0,001",0,"6,9121","0,0002"
exec,insertion,rust,v2,100,8,"0,02","0,01","0,01","0,00263",0,"0,001","7,6047","0,0002"
exec,insertion,rust,v2,100,9,"0,02","0,01","0,01","0,002969","0,001",0,"6,7352","0,0002"
exec,insertion,rust,v2,100,10,"0,01","0,01",0,"0,002916","0,001",0,"3,4289","0,0001"
exec,insertion,rust,v2,1000,1,"0,02","0,01",0,"0,002895","0,001",0,"6,9076","0,00002"
exec,insertion,rust,v2,1000,2,"0,01","0,01",0,"0,002882","0,001",0,"3,47","0,00001"
exec,insertion,rust,v2,1000,3,"0,02","0,01","0,01","0,003072","0,001",0,"6,5098","0,00002"
exec,insertion,rust,v2,1000,4,"0,02","0,01","0,01","0,003124","0,001",0,"6,402","0,00002"
exec,insertion,rust,v2,1000,5,"0,02","0,01","0,01","0,003087","0,001",0,"6,4787","0,00002"
exec,insertion,rust,v2,1000,6,"0,02","0,01","0,01","0,003229","0,001",0,"6,1932","0,00002"
exec,insertion,rust,v2,1000,7,"0,02","0,01","0,01","0,003268","0,001",0,"6,1196","0,00002"
exec,insertion,rust,v2,1000,8,"0,02","0,02","0,01","0,003166","0,001",0,"6,3166","0,00002"
exec,insertion,rust,v2,1000,9,"0,02","0,01","0,01","0,002988","0,001",0,"6,6941","0,00002"
exec,insertion,rust,v2,1000,10,"0,02","0,01","0,01","0,003324","0,002",0,"6,0164","0,00002"
exec,insertion,rust,v2,10000,1,"0,08","0,06","0,02","0,015427","0,014",0,"5,1857","0,000008"
exec,insertion,rust,v2,10000,2,"0,09","0,06","0,02","0,015711","0,014",0,"5,7283","0,000009"
exec,insertion,rust,v2,10000,3,"0,09","0,06","0,02","0,015624","0,014",0,"5,7602","0,000009"
exec,insertion,rust,v2,10000,4,"0,09","0,06","0,02","0,015819","0,013",0,"5,6894","0,000009"
exec,insertion,rust,v2,10000,5,"0,09","0,06","0,02","0,015634","0,014",0,"5,7568","0,000009"
exec,insertion,rust,v2,10000,6,"0,09","0,06","0,02","0,015689","0,014",0,"5,7365","0,000009"
exec,insertion,rust,v2,10000,7,"0,09","0,07","0,02","0,015616","0,014",0,"5,7631","0,000009"
exec,insertion,rust,v2,10000,8,"0,09","0,06","0,02","0,015596","0,01","0,003","5,7707","0,000009"
exec,insertion,rust,v2,10000,9,"0,09","0,06","0,02","0,015608","0,014",0,"5,7663","0,000009"
exec,insertion,rust,v2,10000,10,"0,09","0,07","0,02","0,015773","0,011","0,003","5,7058","0,000009"
exec,insertion,rust,v2,50000,1,"1,83","1,33","0,33","0,306231","0,3","0,004","5,9759","0,0000366"
exec,insertion,rust,v2,50000,2,"1,78","1,31","0,33","0,306601","0,297","0,008","5,8056","0,0000356"
exec,insertion,rust,v2,50000,3,"1,81","1,33","0,33","0,306667","0,297","0,008","5,9022","0,0000362"
exec,insertion,rust,v2,50000,4,"1,85","1,35","0,34","0,307017","0,301","0,004","6,0257","0,000037"
exec,insertion,rust,v2,50000,5,"1,8","1,32","0,33","0,309106","0,305",0,"5,8232","0,000036"
exec,insertion,rust,v2,50000,6,"1,79","1,31","0,33","0,306139","0,296","0,008","5,847","0,0000358"
exec,insertion,rust,v2,50000,7,"1,81","1,33","0,34","0,306052","0,3","0,004","5,914","0,0000362"
exec,insertion,rust,v2,50000,8,"1,78","1,31","0,33","0,30588","0,3","0,004","5,8193","0,0000356"
exec,insertion,rust,v2,50000,9,"1,82","1,31","0,33","0,306716","0,293","0,012","5,9338","0,0000364"
exec,insertion,rust,v2,50000,10,"1,84","1,33","0,33","0,306441","0,301","0,004","6,0044","0,0000368"
exec,insertion,rust,v2,100000,1,"7,48","5,49","1,33","1,236612","1,223","0,012","6,0488","0,0000748"
exec,insertion,rust,v2,100000,2,"7,45","5,5","1,34","1,248544","1,239","0,008","5,967","0,0000745"
exec,insertion,rust,v2,100000,3,"7,44","5,45","1,32","1,236326","1,223","0,012","6,0178","0,0000744"
exec,insertion,rust,v2,100000,4,"7,37","5,45","1,33","1,240362","1,234","0,004","5,9418","0,0000737"
exec,insertion,rust,v2,100000,5,"7,46","5,46","1,35","1,246329","1,237","0,008","5,9856","0,0000746"
exec,insertion,rust,v2,100000,6,"7,45","5,46","1,34","1,243566","1,23","0,012","5,9908","0,0000745"
exec,insertion,rust,v2,100000,7,"7,36","5,4","1,33","1,242916","1,237","0,004","5,9216","0,0000736"
exec,insertion,rust,v2,100000,8,"7,45","5,44","1,33","1,239683","1,23","0,008","6,0096","0,0000745"
exec,insertion,rust,v2,100000,9,"7,34","5,38","1,33","1,241965","1,236","0,004","5,91","0,0000734"
exec,insertion,rust,v2,100000,10,"7,48","5,51","1,34","1,248661","1,247",0,"5,9904","0,0000748"
exec,selection,go,v1,10,1,"0,02","0,01","0,01","0,002597",0,0,"7,7018","0,002"
exec,selection,go,v1,10,2,"0,02","0,01","0,01","0,00305",0,0,"6,5577","0,002"
exec,selection,go,v1,10,3,"0,02","0,01","0,01","0,003157",0,0,"6,3361","0,002"
exec,selection,go,v1,10,4,"0,02","0,01","0,01","0,003137",0,0,"6,3754","0,002"
exec,selection,go,v1,10,5,"0,02","0,01","0,01","0,003025",0,0,"6,6113","0,002"
exec,selection,go,v1,10,6,"0,02","0,01","0,01","0,002682",0,0,"7,4581","0,002"
exec,selection,go,v1,10,7,"0,02","0,02","0,01","0,003179",0,0,"6,2908","0,002"
exec,selection,go,v1,10,8,"0,02","0,01","0,01","0,003116",0,0,"6,4178","0,002"
exec,selection,go,v1,10,9,"0,03","0,02","0,01","0,003532",0,0,"8,4939","0,003"
exec,selection,go,v1,10,10,"0,02","0,01","0,01","0,003186",0,0,"6,2767","0,002"
exec,selection,go,v1,100,1,"0,02","0,01","0,01","0,002852",0,0,"7,0123","0,0002"
exec,selection,go,v1,100,2,"0,02","0,01","0,01","0,003087",0,0,"6,478","0,0002"
exec,selection,go,v1,100,3,"0,02","0,01","0,01","0,003034",0,0,"6,5909","0,0002"
exec,selection,go,v1,100,4,"0,02","0,01","0,01","0,002761",0,0,"7,2443","0,0002"
exec,selection,go,v1,100,5,"0,02","0,01","0,01","0,002946",0,0,"6,79","0,0002"
exec,selection,go,v1,100,6,"0,02","0,01","0,01","0,002913",0,0,"6,8669","0,0002"
exec,selection,go,v1,100,7,"0,02","0,01","0,01","0,002831",0,0,"7,0637","0,0002"
exec,selection,go,v1,100,8,"0,02","0,01","0,01","0,002842",0,0,"7,037","0,0002"
exec,selection,go,v1,100,9,"0,02","0,01","0,01","0,002927",0,0,"6,834","0,0002"
exec,selection,go,v1,100,10,"0,02","0,01","0,01","0,002747",0,0,"7,2815","0,0002"
exec,selection,go,v1,1000,1,"0,02","0,01","0,01","0,003056",0,0,"6,5444","0,00002"
exec,selection,go,v1,1000,2,"0,02","0,01","0,01","0,003768",0,0,"5,3083","0,00002"
exec,selection,go,v1,1000,3,"0,02","0,01","0,01","0,003185",0,0,"6,2786","0,00002"
exec,selection,go,v1,1000,4,"0,02","0,01","0,01","0,00298",0,0,"6,7121","0,00002"
exec,selection,go,v1,1000,5,"0,02","0,01","0,01","0,003858",0,0,"5,1839","0,00002"
exec,selection,go,v1,1000,6,"0,02","0,01","0,01","0,003213",0,0,"6,2248","0,00002"
exec,selection,go,v1,1000,7,"0,03","0,02","0,01","0,003199",0,0,"9,3773","0,00003"
exec,selection,go,v1,1000,8,"0,02","0,01","0,01","0,003549",0,0,"5,6353","0,00002"
exec,selection,go,v1,1000,9,"0,02","0,01","0,01","0,003506",0,0,"5,7044","0,00002"
exec,selection,go,v1,1000,10,"0,02","0,01","0,01","0,003166",0,0,"6,3162","0,00002"
exec,selection,go,v1,10000,1,"0,04","0,03","0,01","0,007192",0,0,"5,5615","0,000004"
exec,selection,go,v1,10000,2,"0,04","0,03","0,01","0,006904",0,0,"5,7937","0,000004"
exec,selection,go,v1,10000,3,"0,05","0,03","0,01","0,007242",0,0,"6,9039","0,000005"
exec,selection,go,v1,10000,4,"0,04","0,03","0,01","0,007138",0,0,"5,6038","0,000004"
exec,selection,go,v1,10000,5,"0,05","0,03","0,01","0,00701",0,0,"7,1327","0,000005"
exec,selection,go,v1,10000,6,"0,04","0,03","0,01","0,00692",0,0,"5,78","0,000004"
exec,selection,go,v1,10000,7,"0,04","0,03","0,01","0,006977",0,0,"5,7329","0,000004"
exec,selection,go,v1,10000,8,"0,04","0,03","0,01","0,006888",0,0,"5,807","0,000004"
exec,selection,go,v1,10000,9,"0,04","0,03","0,01","0,006917",0,0,"5,783","0,000004"
exec,selection,go,v1,10000,10,"0,05","0,03","0,01","0,00714",0,0,"7,0029","0,000005"
exec,selection,go,v1,50000,1,"0,17","0,12","0,03","0,025329","0,02",0,"6,7117","0,0000034"
exec,selection,go,v1,50000,2,"0,16","0,12","0,03","0,025248","0,02",0,"6,337","0,0000032"
exec,selection,go,v1,50000,3,"0,17","0,12","0,03","0,025564","0,02",0,"6,6501","0,0000034"
exec,selection,go,v1,50000,4,"0,17","0,12","0,03","0,025195","0,02",0,"6,7475","0,0000034"
exec,selection,go,v1,50000,5,"0,16","0,12","0,03","0,025085","0,02",0,"6,3784","0,0000032"
exec,selection,go,v1,50000,6,"0,16","0,12","0,03","0,025263","0,02",0,"6,3334","0,0000032"
exec,selection,go,v1,50000,7,"0,16","0,12","0,03","0,025163","0,01",0,"6,3585","0,0000032"
exec,selection,go,v1,50000,8,"0,16","0,12","0,03","0,025225","0,02",0,"6,3429","0,0000032"
exec,selection,go,v1,50000,9,"0,16","0,12","0,03","0,025467","0,02",0,"6,2826","0,0000032"
exec,selection,go,v1,50000,10,"0,17","0,12","0,03","0,024715","0,02",0,"6,8784","0,0000034"
exec,selection,go,v1,100000,1,"0,33","0,24","0,06","0,048695","0,04",0,"6,7768","0,0000033"
exec,selection,go,v1,100000,2,"0,32","0,24","0,06","0,048096","0,04",0,"6,6534","0,0000032"
exec,selection,go,v1,100000,3,"0,35","0,26","0,07","0,049683","0,04",0,"7,0447","0,0000035"
exec,selection,go,v1,100000,4,"0,33","0,24","0,06","0,048259","0,04",0,"6,8381","0,0000033"
exec,selection,go,v1,100000,5,"0,37","0,27","0,08","0,053901","0,05",0,"6,8644","0,0000037"
exec,selection,go,v1,100000,6,"0,32","0,24","0,06","0,047813","0,04",0,"6,6927","0,0000032"
exec,selection,go,v1,100000,7,"0,33","0,25","0,06","0,049721","0,05",0,"6,637","0,0000033"
exec,selection,go,v1,100000,8,"0,32","0,24","0,06","0,048423","0,04",0,"6,6084","0,0000032"
exec,selection,go,v1,100000,9,"0,34","0,26","0,07","0,050286","0,04","0,01","6,7613","0,0000034"
exec,selection,go,v1,100000,10,"0,37","0,28","0,07","0,050761","0,05",0,"7,2891","0,0000037"
exec,selection,go,v2,10,1,"0,02","0,01","0,01","0,002635",0,0,"7,5899","0,002"
exec,selection,go,v2,10,2,"0,02","0,01","0,01","0,003153",0,0,"6,3441","0,002"
exec,selection,go,v2,10,3,"0,02","0,01","0,01","0,00262",0,0,"7,6323","0,002"
exec,selection,go,v2,10,4,"0,02","0,01","0,01","0,00292",0,0,"6,8492","0,002"
exec,selection,go,v2,10,5,"0,02","0,01","0,01","0,002944",0,0,"6,7924","0,002"
exec,selection,go,v2,10,6,"0,02","0,01","0,01","0,002914",0,0,"6,8631","0,002"
exec,selection,go,v2,10,7,"0,02","0,01","0,01","0,002897",0,0,"6,9027","0,002"
exec,selection,go,v2,10,8,"0,02","0,01","0,01","0,002568",0,0,"7,7888","0,002"
exec,selection,go,v2,10,9,"0,02","0,01","0,01","0,003229",0,0,"6,1948","0,002"
exec,selection,go,v2,10,10,"0,02","0,01","0,01","0,002689",0,0,"7,4364","0,002"
exec,selection,go,v2,100,1,"0,02","0,01","0,01","0,002869",0,0,"6,9719","0,0002"
exec,selection,go,v2,100,2,"0,01","0,01",0,"0,002564",0,0,"3,9003","0,0001"
exec,selection,go,v2,100,3,"0,02","0,01","0,01","0,002679",0,0,"7,4647","0,0002"
exec,selection,go,v2,100,4,"0,02","0,01","0,01","0,002959",0,0,"6,7579","0,0002"
exec,selection,go,v2,100,5,"0,02","0,01","0,01","0,002916",0,0,"6,8594","0,0002"
exec,selection,go,v2,100,6,"0,02","0,01","0,01","0,003209",0,0,"6,2319","0,0002"
exec,selection,go,v2,100,7,"0,02","0,01","0,01","0,002775",0,0,"7,2063","0,0002"
exec,selection,go,v2,100,8,"0,02","0,02","0,01","0,002691",0,0,"7,4316","0,0002"
exec,selection,go,v2,100,9,"0,01","0,01",0,"0,00269",0,0,"3,718","0,0001"
exec,selection,go,v2,100,10,"0,02","0,01","0,01","0,002959",0,0,"6,7592","0,0002"
exec,selection,go,v2,1000,1,"0,02","0,01","0,01","0,003813",0,0,"5,2457","0,00002"
exec,selection,go,v2,1000,2,"0,02","0,02","0,01","0,003996",0,0,"5,0056","0,00002"
exec,selection,go,v2,1000,3,"0,03","0,02","0,01","0,004073",0,0,"7,3658","0,00003"
exec,selection,go,v2,1000,4,"0,02","0,02","0,01","0,003397",0,0,"5,888","0,00002"
exec,selection,go,v2,1000,5,"0,03","0,02","0,01","0,004261",0,0,"7,0413","0,00003"
exec,selection,go,v2,1000,6,"0,02","0,01","0,01","0,003491",0,0,"5,7294","0,00002"
exec,selection,go,v2,1000,7,"0,03","0,02","0,01","0,003995",0,0,"7,5094","0,00003"
exec,selection,go,v2,1000,8,"0,02","0,02","0,01","0,004365",0,0,"4,582","0,00002"
exec,selection,go,v2,1000,9,"0,03","0,02","0,01","0,003484",0,0,"8,6106","0,00003"
exec,selection,go,v2,1000,10,"0,02","0,01","0,01","0,0035",0,0,"5,7135","0,00002"
exec,selection,go,v2,10000,1,"0,35","0,25","0,07","0,058712","0,05",0,"5,9613","0,000035"
exec,selection,go,v2,10000,2,"0,35","0,25","0,07","0,058039","0,05",0,"6,0304","0,000035"
exec,selection,go,v2,10000,3,"0,35","0,25","0,07","0,057857","0,05",0,"6,0494","0,000035"
exec,selection,go,v2,10000,4,"0,35","0,24","0,07","0,058384","0,05",0,"5,9948","0,000035"
exec,selection,go,v2,10000,5,"0,35","0,24","0,07","0,057869","0,05",0,"6,0481","0,000035"
exec,selection,go,v2,10000,6,"0,35","0,24","0,07","0,059038","0,05",0,"5,9284","0,000035"
exec,selection,go,v2,10000,7,"0,35","0,25","0,07","0,058558","0,05",0,"5,9769","0,000035"
exec,selection,go,v2,10000,8,"0,35","0,25","0,07","0,058873","0,05",0,"5,945","0,000035"
exec,selection,go,v2,10000,9,"0,33","0,24","0,07","0,057792","0,05",0,"5,7101","0,000033"
exec,selection,go,v2,10000,10,"0,34","0,24","0,07","0,057944","0,05",0,"5,8677","0,000034"
exec,selection,go,v2,50000,1,"8,63","6,29","1,54","1,440153","1,43","0,01","5,9924","0,0001726"
exec,selection,go,v2,50000,2,"8,63","6,29","1,54","1,434935","1,45",0,"6,0142","0,0001726"
exec,selection,go,v2,50000,3,"8,65","6,28","1,54","1,436823","1,44",0,"6,0202","0,000173"
exec,selection,go,v2,50000,4,"8,68","6,31","1,55","1,438931","1,44",0,"6,0323","0,0001736"
exec,selection,go,v2,50000,5,"8,62","6,3","1,54","1,436541","1,44",0,"6,0005","0,0001724"
exec,selection,go,v2,50000,6,"8,64","6,28","1,54","1,435773","1,44",0,"6,0177","0,0001728"
exec,selection,go,v2,50000,7,"8,72","6,34","1,53","1,435472","1,45",0,"6,0747","0,0001744"
exec,selection,go,v2,50000,8,"8,7","6,33","1,54","1,437412","1,44",0,"6,0525","0,000174"
exec,selection,go,v2,50000,9,"8,67","6,31","1,55","1,439564","1,45",0,"6,0227","0,0001734"
exec,selection,go,v2,50000,10,"8,7","6,33","1,55","1,437449","1,45",0,"6,0524","0,000174"
exec,selection,go,v2,100000,1,"36,16","26,43","6,31","5,917489","5,9","0,03","6,1107","0,0003616"
exec,selection,go,v2,100000,2,"36,4","26,65","6,33","5,918007","5,93","0,01","6,1507","0,000364"
exec,selection,go,v2,100000,3,"36,49","26,72","6,32","5,911652","5,92",0,"6,1726","0,0003649"
exec,selection,go,v2,100000,4,"36,2","26,47","6,32","5,917157","5,93",0,"6,1178","0,000362"
exec,selection,go,v2,100000,5,"36,26","26,53","6,33","5,917289","5,93",0,"6,1278","0,0003626"
exec,selection,go,v2,100000,6,"36,53","26,72","6,34","5,930792","5,94","0,02","6,1594","0,0003653"
exec,selection,go,v2,100000,7,"36,58","26,75","6,33","5,925688","5,91","0,04","6,1731","0,0003658"
exec,selection,go,v2,100000,8,"36,4","26,63","6,33","5,926526","5,94","0,01","6,1419","0,000364"
exec,selection,go,v2,100000,9,"36,34","26,57","6,32","5,919827","5,93",0,"6,1387","0,0003634"
exec,selection,go,v2,100000,10,"36,38","26,62","6,32","5,921404","5,92","0,02","6,1438","0,0003638"
exec,selection,rust,v1,10,1,"0,02","0,01","0,01","0,002633","0,001",0,"7,5973","0,002"
exec,selection,rust,v1,10,2,"0,02","0,01","0,01","0,002716","0,001",0,"7,3628","0,002"
exec,selection,rust,v1,10,3,"0,02","0,01",0,"0,002736","0,001",0,"7,3108","0,002"
exec,selection,rust,v1,10,4,"0,02","0,01","0,01","0,002809","0,001",0,"7,1204","0,002"
exec,selection,rust,v1,10,5,"0,02","0,01","0,01","0,002833","0,001",0,"7,0603","0,002"
exec,selection,rust,v1,10,6,"0,02","0,01","0,01","0,002915","0,001",0,"6,8619","0,002"
exec,selection,rust,v1,10,7,"0,01","0,01",0,"0,002903","0,001",0,"3,4452","0,001"
exec,selection,rust,v1,10,8,"0,01","0,01",0,"0,002801","0,001",0,"3,57","0,001"
exec,selection,rust,v1,10,9,"0,02","0,01","0,01","0,002924",0,"0,001","6,8389","0,002"
exec,selection,rust,v1,10,10,"0,02","0,01","0,01","0,002882","0,001",0,"6,9401","0,002"
exec,selection,rust,v1,100,1,"0,01","0,01",0,"0,002751","0,001",0,"3,6355","0,0001"
exec,selection,rust,v1,100,2,"0,02","0,01",0,"0,002697","0,001",0,"7,4147","0,0002"
exec,selection,rust,v1,100,3,"0,02","0,01",0,"0,002757","0,001",0,"7,2539","0,0002"
exec,selection,rust,v1,100,4,"0,02","0,01","0,01","0,002883",0,"0,001","6,9382","0,0002"
exec,selection,rust,v1,100,5,"0,02","0,01","0,01","0,002782","0,001",0,"7,1878","0,0002"
exec,selection,rust,v1,100,6,"0,01","0,01",0,"0,002731","0,001",0,"3,6615","0,0001"
exec,selection,rust,v1,100,7,"0,01","0,01",0,"0,002855","0,001",0,"3,5022","0,0001"
exec,selection,rust,v1,100,8,"0,01","0,01",0,"0,002736",0,"0,001","3,6546","0,0001"
exec,selection,rust,v1,100,9,"0,02","0,01","0,01","0,002823","0,001",0,"7,0851","0,0002"
exec,selection,rust,v1,100,10,"0,02","0,01","0,01","0,002845","0,001",0,"7,0308","0,0002"
exec,selection,rust,v1,1000,1,"0,02","0,01","0,01","0,003653","0,002",0,"5,4744","0,00002"
exec,selection,rust,v1,1000,2,"0,02","0,01",0,"0,003137",0,"0,002","6,3759","0,00002"
exec,selection,rust,v1,1000,3,"0,02","0,01",0,"0,003302","0,002",0,"6,0563","0,00002"
exec,selection,rust,v1,1000,4,"0,02","0,02","0,01","0,003897","0,002",0,"5,1317","0,00002"
exec,selection,rust,v1,1000,5,"0,02","0,01","0,01","0,003925","0,002",0,"5,096","0,00002"
exec,selection,rust,v1,1000,6,"0,02","0,01",0,"0,003515","0,002",0,"5,6903","0,00002"
exec,selection,rust,v1,1000,7,"0,02","0,02","0,01","0,00346",0,"0,002","5,7802","0,00002"
exec,selection,rust,v1,1000,8,"0,02","0,01","0,01","0,003487","0,002",0,"5,7358","0,00002"
exec,selection,rust,v1,1000,9,"0,02","0,01",0,"0,003702","0,002",0,"5,4021","0,00002"
exec,selection,rust,v1,1000,10,"0,02","0,02","0,01","0,003649",0,"0,002","5,481","0,00002"
exec,selection,rust,v1,10000,1,"0,3","0,21","0,06","0,054588","0,053",0,"5,4957","0,00003"
exec,selection,rust,v1,10000,2,"0,31","0,22","0,06","0,054994","0,053",0,"5,637","0,000031"
exec,selection,rust,v1,10000,3,"0,3","0,21","0,06","0,054373","0,053",0,"5,5175","0,00003"
exec,selection,rust,v1,10000,4,"0,32","0,23","0,06","0,055318","0,053",0,"5,7848","0,000032"
exec,selection,rust,v1,10000,5,"0,31","0,22","0,06","0,054236","0,053",0,"5,7157","0,000031"
exec,selection,rust,v1,10000,6,"0,32","0,22","0,06","0,054656","0,049","0,004","5,8548","0,000032"
exec,selection,rust,v1,10000,7,"0,31","0,22","0,06","0,05437","0,052",0,"5,7016","0,000031"
exec,selection,rust,v1,10000,8,"0,31","0,22","0,06","0,054645","0,053",0,"5,6729","0,000031"
exec,selection,rust,v1,10000,9,"0,31","0,22","0,06","0,054745","0,053",0,"5,6626","0,000031"
exec,selection,rust,v1,10000,10,"0,32","0,22","0,06","0,054507","0,053",0,"5,8708","0,000032"
exec,selection,rust,v1,50000,1,"7,11","5,04","1,34","1,255686","1,254",0,"5,6622","0,0001422"
exec,selection,rust,v1,50000,2,"7,06","5,03","1,34","1,255108","1,253",0,"5,625","0,0001412"
exec,selection,rust,v1,50000,3,"7,1","5,03","1,34","1,254896","1,245","0,008","5,6578","0,000142"
exec,selection,rust,v1,50000,4,"7,11","5,06","1,34","1,254733","1,252",0,"5,6665","0,0001422"
exec,selection,rust,v1,50000,5,"7,26","5,16","1,34","1,255486","1,254",0,"5,7826","0,0001452"
exec,selection,rust,v1,50000,6,"7,15","5,07","1,34","1,255345","1,245","0,008","5,6956","0,000143"
exec,selection,rust,v1,50000,7,"7,12","5,09","1,34","1,255529","1,246","0,008","5,6709","0,0001424"
exec,selection,rust,v1,50000,8,"7,27","5,15","1,35","1,257634","1,244","0,012","5,7807","0,0001454"
exec,selection,rust,v1,50000,9,"7,2","5,1","1,35","1,258298","1,256",0,"5,722","0,000144"
exec,selection,rust,v1,50000,10,"7,16","5,12","1,34","1,2551","1,249","0,004","5,7047","0,0001432"
exec,selection,rust,v1,100000,1,"28,6","20,35","5,35","5,018323",5,"0,016","5,6991","0,000286"
exec,selection,rust,v1,100000,2,"29,24","20,92","5,41","5,027492","5,021","0,004","5,816","0,0002924"
exec,selection,rust,v1,100000,3,"28,89","20,56","5,33","4,995278","4,989","0,004","5,7835","0,0002889"
exec,selection,rust,v1,100000,4,"28,8","20,48","5,35","5,001646","4,991","0,008","5,7581","0,000288"
exec,selection,rust,v1,100000,5,"28,59","20,37","5,33","4,99765","4,991","0,004","5,7207","0,0002859"
exec,selection,rust,v1,100000,6,"28,9","20,57","5,34","4,995697","4,982","0,012","5,785","0,000289"
exec,selection,rust,v1,100000,7,"28,42","20,2","5,35","4,997904","4,996",0,"5,6864","0,0002842"
exec,selection,rust,v1,100000,8,"28,8","20,49","5,33","4,994287","4,989",0,"5,7666","0,000288"
exec,selection,rust,v1,100000,9,"28,84","20,55","5,33","4,991764","4,989",0,"5,7775","0,0002884"
exec,selection,rust,v1,100000,10,"28,51","20,25","5,34","5,003917","4,998","0,004","5,6975","0,0002851"
exec,selection,rust,v2,10,1,"0,02","0,01",0,"0,002715","0,001",0,"7,3652","0,002"
exec,selection,rust,v2,10,2,"0,01","0,01",0,"0,002695","0,001",0,"3,7112","0,001"
exec,selection,rust,v2,10,3,"0,01","0,01",0,"0,002752","0,001",0,"3,6336","0,001"
exec,selection,rust,v2,10,4,"0,02","0,01","0,01","0,002761","0,001",0,"7,2435","0,002"
exec,selection,rust,v2,10,5,"0,02","0,01","0,01","0,002584","0,001",0,"7,7402","0,002"
exec,selection,rust,v2,10,6,"0,02","0,01","0,01","0,002791","0,001",0,"7,167","0,002"
exec,selection,rust,v2,10,7,"0,02","0,01",0,"0,002912",0,"0,001","6,8681","0,002"
exec,selection,rust,v2,10,8,"0,02","0,01","0,01","0,002819",0,"0,001","7,0936","0,002"
exec,selection,rust,v2,10,9,"0,02","0,01","0,01","0,002798","0,001",0,"7,149","0,002"
exec,selection,rust,v2,10,10,"0,02","0,01",0,"0,002885","0,001",0,"6,9334","0,002"
exec,selection,rust,v2,100,1,"0,02","0,01",0,"0,002682","0,001",0,"7,4564","0,0002"
exec,selection,rust,v2,100,2,"0,01","0,01",0,"0,002532","0,001",0,"3,9494","0,0001"
exec,selection,rust,v2,100,3,"0,02","0,01","0,01","0,002733","0,001",0,"7,3178","0,0002"
exec,selection,rust,v2,100,4,"0,02","0,01","0,01","0,002872","0,001",0,"6,9642","0,0002"
exec,selection,rust,v2,100,5,"0,02","0,01","0,01","0,002904",0,"0,001","6,8864","0,0002"
exec,selection,rust,v2,100,6,"0,02","0,01","0,01","0,002921","0,001",0,"6,8477","0,0002"
exec,selection,rust,v2,100,7,"0,02","0,01","0,01","0,002917","0,001",0,"6,8567","0,0002"
exec,selection,rust,v2,100,8,"0,02","0,01","0,01","0,002903","0,001",0,"6,8899","0,0002"
exec,selection,rust,v2,100,9,"0,01","0,01",0,"0,002788","0,001",0,"3,5867","0,0001"
exec,selection,rust,v2,100,10,"0,02","0,01","0,01","0,002838","0,001",0,"7,0463","0,0002"
exec,selection,rust,v2,1000,1,"0,02","0,01",0,"0,002916","0,001",0,"6,8595","0,00002"
exec,selection,rust,v2,1000,2,"0,02","0,01",0,"0,002773","0,001",0,"7,212","0,00002"
exec,selection,rust,v2,1000,3,"0,01","0,01",0,"0,002742","0,001",0,"3,6473","0,00001"
exec,selection,rust,v2,1000,4,"0,02","0,01",0,"0,00305","0,001",0,"6,5584","0,00002"
exec,selection,rust,v2,1000,5,"0,02","0,01","0,01","0,00291","0,001",0,"6,8723","0,00002"
exec,selection,rust,v2,1000,6,"0,02","0,01","0,01","0,002982","0,001",0,"6,7058","0,00002"
exec,selection,rust,v2,1000,7,"0,02","0,01","0,01","0,002824","0,001",0,"7,0824","0,00002"
exec,selection,rust,v2,1000,8,"0,02","0,01","0,01","0,002808","0,001",0,"7,1216","0,00002"
exec,selection,rust,v2,1000,9,"0,02","0,01","0,01","0,002916","0,001",0,"6,8587","0,00002"
exec,selection,rust,v2,1000,10,"0,02","0,02","0,01","0,003165","0,001",0,"6,3182","0,00002"
exec,selection,rust,v2,10000,1,"0,02","0,02","0,01","0,004634","0,003",0,"4,3161","0,000002"
exec,selection,rust,v2,10000,2,"0,03","0,02","0,01","0,004794",0,"0,003","6,2582","0,000003"
exec,selection,rust,v2,10000,3,"0,03","0,02","0,01","0,004765",0,"0,003","6,2957","0,000003"
exec,selection,rust,v2,10000,4,"0,03","0,02","0,01","0,005104",0,"0,003","5,8774","0,000003"
exec,selection,rust,v2,10000,5,"0,03","0,02","0,01","0,004968","0,003",0,"6,0389","0,000003"
exec,selection,rust,v2,10000,6,"0,02","0,02","0,01","0,004993","0,003",0,"4,0054","0,000002"
exec,selection,rust,v2,10000,7,"0,02","0,02","0,01","0,004871",0,"0,003","4,106","0,000002"
exec,selection,rust,v2,10000,8,"0,02","0,02","0,01","0,004848","0,003",0,"4,1252","0,000002"
exec,selection,rust,v2,10000,9,"0,02","0,02","0,01","0,004748","0,003",0,"4,2121","0,000002"
exec,selection,rust,v2,10000,10,"0,02","0,02","0,01","0,004639",0,"0,003","4,3114","0,000002"
exec,selection,rust,v2,50000,1,"0,09","0,06","0,02","0,013479","0,012",0,"6,677","0,0000018"
exec,selection,rust,v2,50000,2,"0,09","0,06","0,02","0,013835","0,012",0,"6,5052","0,0000018"
exec,selection,rust,v2,50000,3,"0,08","0,06","0,02","0,013783","0,012",0,"5,8043","0,0000016"
exec,selection,rust,v2,50000,4,"0,08","0,06","0,02","0,013793","0,004","0,008","5,8002","0,0000016"
exec,selection,rust,v2,50000,5,"0,09","0,06","0,02","0,013781","0,012",0,"6,5307","0,0000018"
exec,selection,rust,v2,50000,6,"0,08","0,06","0,02","0,013895","0,012",0,"5,7573","0,0000016"
exec,selection,rust,v2,50000,7,"0,09","0,06","0,02","0,013596","0,012",0,"6,6195","0,0000018"
exec,selection,rust,v2,50000,8,"0,08","0,06","0,02","0,013545","0,012",0,"5,9061","0,0000016"
exec,selection,rust,v2,50000,9,"0,08","0,06","0,02","0,013939","0,008","0,004","5,7393","0,0000016"
exec,selection,rust,v2,50000,10,"0,09","0,07","0,02","0,01398","0,012",0,"6,4379","0,0000018"
exec,selection,rust,v2,100000,1,"0,16","0,11","0,03","0,025336","0,024",0,"6,3152","0,0000016"
exec,selection,rust,v2,100000,2,"0,16","0,11","0,04","0,024489","0,023",0,"6,5337","0,0000016"
exec,selection,rust,v2,100000,3,"0,16","0,11","0,03","0,02488","0,023",0,"6,4309","0,0000016"
exec,selection,rust,v2,100000,4,"0,16","0,12","0,04","0,025485","0,016","0,008","6,2781","0,0000016"
exec,selection,rust,v2,100000,5,"0,16","0,11","0,04","0,025135","0,019","0,005","6,3656","0,0000016"
exec,selection,rust,v2,100000,6,"0,16","0,11","0,03","0,025077","0,016","0,008","6,3803","0,0000016"
exec,selection,rust,v2,100000,7,"0,16","0,11","0,03","0,025242","0,023",0,"6,3387","0,0000016"
exec,selection,rust,v2,100000,8,"0,16","0,12","0,04","0,025715","0,02","0,004","6,222","0,0000016"
exec,selection,rust,v2,100000,9,"0,16","0,11","0,03","0,025364","0,02","0,004","6,3083","0,0000016"
exec,selection,rust,v2,100000,10,"0,16","0,12","0,04","0,02556","0,024",0,"6,2597","0,0000016"
media,bolha,go,v1,10,10,"0,02","0,01","0,01","0,002855",0,0,"7,0054","0,002"
media,bolha,go,v1,100,10,"0,018","0,012","0,008","0,003032",0,0,"5,9368","0,00018"
media,bolha,go,v1,1000,10,"0,031","0,021","0,01","0,005111",0,0,"6,0658","0,000031"
media,bolha,go,v1,10000,10,"1,158","0,829","0,221","0,200595","0,196",0,"5,7728","0,0001158"
media,bolha,go,v1,50000,10,"29,577","21,333","5,325","4,96676","4,965","0,001","5,955","0,00059154"
media,bolha,go,v1,100000,10,"117,931","85,116","21,151","19,798688","19,799","0,025","5,9565","0,00117931"
media,bolha,go,v2,10,10,"0,019","0,011","0,009","0,002927",0,0,"6,4907","0,0019"
media,bolha,go,v2,100,10,"0,019","0,011","0,008","0,002865",0,0,"6,6308","0,00019"
media,bolha,go,v2,1000,10,"0,032","0,022","0,01","0,005043",0,0,"6,3453","0,000032"
media,bolha,go,v2,10000,10,"1,164","0,845","0,212","0,192778","0,184",0,"6,038","0,0001164"
media,bolha,go,v2,50000,10,"30,245","22,139","5,221","4,878536","4,871","0,006","6,1996","0,0006049"
media,bolha,go,v2,100000,10,"120,465","88,151","20,794","19,466683","19,465","0,027","6,1883","0,00120465"
media,bolha,rust,v1,10,10,"0,019","0,012","0,006","0,002989","0,0009","0,0001","6,3569","0,0019"
media,bolha,rust,v1,100,10,"0,019","0,012","0,007","0,003074","0,0009","0,0003","6,1809","0,00019"
media,bolha,rust,v1,1000,10,"0,03","0,021","0,01","0,005118","0,0027","0,0003","5,8621","0,00003"
media,bolha,rust,v1,10000,10,"1,293","0,932","0,264","0,213627","0,21","0,0016","6,0526","0,0001293"
media,bolha,rust,v1,50000,10,"31,239","22,49","5,963","5,244551","5,2368","0,0052","5,9565","0,00062478"
media,bolha,rust,v1,100000,10,"123,009","88,41","22,584","20,830093","20,8192","0,0076","5,9054","0,00123009"
media,bolha,rust,v2,10,10,"0,015","0,01","0,005","0,0027","0,001",0,"5,5566","0,0015"
media,bolha,rust,v2,100,10,"0,017","0,01","0,006","0,002727","0,001",0,"6,2346","0,00017"
media,bolha,rust,v2,1000,10,"0,023","0,02","0,01","0,004225","0,0014","0,0009","5,4435","0,000023"
media,bolha,rust,v2,10000,10,"0,863","0,606","0,169","0,154064","0,1502","0,002","5,6016","0,0000863"
media,bolha,rust,v2,50000,10,"21,712","15,353","4,071","3,79499","3,7873","0,0056","5,7212","0,00043424"
media,bolha,rust,v2,100000,10,"87,376","61,949","16,136","15,123741","15,1137","0,0068","5,7774","0,00087376"
media,insertion,go,v1,10,10,"0,019","0,01","0,009","0,002778",0,0,"6,8389","0,0019"
media,insertion,go,v1,100,10,"0,022","0,013","0,009","0,003148",0,0,"6,9893","0,00022"
media,insertion,go,v1,1000,10,"0,021","0,018","0,01","0,003651",0,0,"5,7525","0,000021"
media,insertion,go,v1,10000,10,"0,288","0,201","0,061","0,051789","0,045",0,"5,561","0,0000288"
media,insertion,go,v1,50000,10,"6,454","4,487","1,254","1,168042","1,163",0,"5,5255","0,00012908"
media,insertion,go,v1,100000,10,"26,13","18,29","4,961","4,64008","4,636","0,006","5,6314","0,0002613"
media,insertion,go,v2,10,10,"0,018","0,01","0,008","0,002917",0,0,"6,1717","0,0018"
media,insertion,go,v2,100,10,"0,018","0,011","0,007","0,002906",0,0,"6,1951","0,00018"
media,insertion,go,v2,1000,10,"0,02","0,011","0,01","0,003265",0,0,"6,1248","0,00002"
media,insertion,go,v2,10000,10,"0,128","0,093","0,029","0,021259","0,018",0,"6,021","0,0000128"
media,insertion,go,v2,50000,10,"2,697","1,996","0,475","0,436812","0,426","0,001","6,1743","0,00005394"
media,insertion,go,v2,100000,10,"11,73","8,8","1,945","1,808507","1,803","0,003","6,486","0,0001173"
media,insertion,rust,v1,10,10,"0,018","0,01","0,007","0,002746","0,0007","0,0003","6,555","0,0018"
media,insertion,rust,v1,100,10,"0,018","0,01","0,008","0,002785","0,0008","0,0002","6,4641","0,00018"
media,insertion,rust,v1,1000,10,"0,02","0,01","0,001","0,003122","0,0011","0,0002","6,4068","0,00002"
media,insertion,rust,v1,10000,10,"0,136","0,095","0,031","0,024084","0,0216","0,0008","5,6469","0,0000136"
media,insertion,rust,v1,50000,10,"2,89","2,074","0,538","0,500536","0,4971","0,0016","5,7738","0,0000578"
media,insertion,rust,v1,100000,10,"11,645","8,388","2,119","1,980293","1,9736","0,0048","5,8804","0,00011645"
media,insertion,rust,v2,10,10,"0,018","0,011","0,007","0,002779","0,0009","0,0001","6,4783","0,0018"
media,insertion,rust,v2,100,10,"0,017","0,01","0,006","0,002775","0,0009","0,0001","6,1263","0,00017"
media,insertion,rust,v2,1000,10,"0,019","0,011","0,008","0,003103","0,0011",0,"6,1221","0,000019"
media,insertion,rust,v2,10000,10,"0,089","0,062","0,02","0,01565","0,0132","0,0006","5,687","0,0000089"
media,insertion,rust,v2,50000,10,"1,811","1,323","0,332","0,306685","0,299","0,0056","5,9051","0,00003622"
media,insertion,rust,v2,100000,10,"7,428","5,454","1,334","1,242496","1,2336","0,0072","5,9783","0,00007428"
media,selection,go,v1,10,10,"0,021","0,012","0,01","0,003066",0,0,"6,8491","0,0021"
media,selection,go,v1,100,10,"0,02","0,01","0,01","0,002894",0,0,"6,911","0,0002"
media,selection,go,v1,1000,10,"0,021","0,011","0,01","0,003348",0,0,"6,2723","0,000021"
media,selection,go,v1,10000,10,"0,043","0,03","0,01","0,007033",0,0,"6,1141","0,0000043"
media,selection,go,v1,50000,10,"0,164","0,12","0,03","0,025225","0,019",0,"6,5014","0,00000328"
media,selection,go,v1,100000,10,"0,338","0,252","0,065","0,049564","0,043","0,001","6,8195","0,00000338"
media,selection,go,v2,10,10,"0,02","0,01","0,01","0,002857",0,0,"7,0004","0,002"
media,selection,go,v2,100,10,"0,018","0,011","0,008","0,002831",0,0,"6,3579","0,00018"
media,selection,go,v2,1000,10,"0,024","0,017","0,01","0,003837",0,0,"6,2543","0,000024"
media,selection,go,v2,10000,10,"0,347","0,245","0,07","0,058307","0,05",0,"5,9513","0,0000347"
media,selection,go,v2,50000,10,"8,664","6,306","1,542","1,437305","1,443","0,001","6,0279","0,00017328"
media,selection,go,v2,100000,10,"36,374","26,609","6,325","5,920583","5,925","0,013","6,1437","0,00036374"
media,selection,rust,v1,10,10,"0,018","0,01","0,007","0,002815","0,0009","0,0001","6,3939","0,0018"
media,selection,rust,v1,100,10,"0,016","0,01","0,004","0,002786","0,0008","0,0002","5,743","0,00016"
media,selection,rust,v1,1000,10,"0,02","0,013","0,006","0,003573","0,0014","0,0006","5,598","0,00002"
media,selection,rust,v1,10000,10,"0,311","0,219","0,06","0,054643","0,0525","0,0004","5,6915","0,0000311"
media,selection,rust,v1,50000,10,"7,154","5,085","1,342","1,255781","1,2498","0,004","5,6969","0,00014308"
media,selection,rust,v1,100000,10,"28,759","20,474","5,346","5,002396","4,9946","0,0052","5,749","0,00028759"
media,selection,rust,v2,10,10,"0,018","0,01","0,005","0,002771","0,0008","0,0002","6,4954","0,0018"
media,selection,rust,v2,100,10,"0,018","0,01","0,007","0,002809","0,0009","0,0001","6,408","0,00018"
media,selection,rust,v2,1000,10,"0,019","0,011","0,006","0,002909","0,001",0,"6,5324","0,000019"
media,selection,rust,v2,10000,10,"0,024","0,02","0,01","0,004836","0,0015","0,0015","4,9624","0,0000024"
media,selection,rust,v2,50000,10,"0,085","0,061","0,02","0,013763","0,0108","0,0012","6,1762","0,0000017"
media,selection,rust,v2,100000,10,"0,16","0,113","0,035","0,025228","0,0208","0,0029","6,3421","0,0000016"