tipo;algoritmo;linguagem;variante;tamanho;execucao;energia_j;energia_j_desvio;energia_cores_j;energia_ram_j;duracao_s;duracao_s_desvio;user_time_s;system_time_s;potencia_w;energia_por_elemento_j
exec;bolha;go;v1;10;1;0,020000;NA;0,010000;0,010000;0,002618;NA;0,000000;0,000000;7,6388;0,002000000
exec;bolha;go;v1;10;2;0,020000;NA;0,010000;0,010000;0,002961;NA;0,000000;0,000000;6,7555;0,002000000
exec;bolha;go;v1;10;3;0,020000;NA;0,010000;0,010000;0,003039;NA;0,000000;0,000000;6,5811;0,002000000
exec;bolha;go;v1;10;4;0,020000;NA;0,010000;0,010000;0,003122;NA;0,000000;0,000000;6,4051;0,002000000
exec;bolha;go;v1;10;5;0,020000;NA;0,010000;0,010000;0,002504;NA;0,000000;0,000000;7,9870;0,002000000
exec;bolha;go;v1;10;6;0,020000;NA;0,010000;0,010000;0,002817;NA;0,000000;0,000000;7,0986;0,002000000
exec;bolha;go;v1;10;7;0,020000;NA;0,010000;0,010000;0,002738;NA;0,000000;0,000000;7,3051;0,002000000
exec;bolha;go;v1;10;8;0,020000;NA;0,010000;0,010000;0,002697;NA;0,000000;0,000000;7,4167;0,002000000
exec;bolha;go;v1;10;9;0,020000;NA;0,010000;0,010000;0,003013;NA;0,000000;0,000000;6,6368;0,002000000
exec;bolha;go;v1;10;10;0,020000;NA;0,010000;0,010000;0,003040;NA;0,000000;0,000000;6,5799;0,002000000
exec;bolha;go;v1;100;1;0,010000;NA;0,010000;0,000000;0,002553;NA;0,000000;0,000000;3,9173;0,000100000
exec;bolha;go;v1;100;2;0,020000;NA;0,010000;0,010000;0,002986;NA;0,000000;0,000000;6,6983;0,000200000
exec;bolha;go;v1;100;3;0,020000;NA;0,010000;0,010000;0,003297;NA;0,000000;0,000000;6,0657;0,000200000
exec;bolha;go;v1;100;4;0,020000;NA;0,010000;0,010000;0,003003;NA;0,000000;0,000000;6,6595;0,000200000
exec;bolha;go;v1;100;5;0,020000;NA;0,020000;0,010000;0,003517;NA;0,000000;0,000000;5,6865;0,000200000
exec;bolha;go;v1;100;6;0,020000;NA;0,010000;0,010000;0,002902;NA;0,000000;0,000000;6,8908;0,000200000
exec;bolha;go;v1;100;7;0,020000;NA;0,020000;0,010000;0,003156;NA;0,000000;0,000000;6,3376;0,000200000
exec;bolha;go;v1;100;8;0,010000;NA;0,010000;0,000000;0,002751;NA;0,000000;0,000000;3,6353;0,000100000
exec;bolha;go;v1;100;9;0,020000;NA;0,010000;0,010000;0,002801;NA;0,000000;0,000000;7,1391;0,000200000
exec;bolha;go;v1;100;10;0,020000;NA;0,010000;0,010000;0,003353;NA;0,000000;0,000000;5,9650;0,000200000
exec;bolha;go;v1;1000;1;0,030000;NA;0,020000;0,010000;0,005134;NA;0,000000;0,000000;5,8430;0,000030000
exec;bolha;go;v1;1000;2;0,030000;NA;0,020000;0,010000;0,005036;NA;0,000000;0,000000;5,9574;0,000030000
exec;bolha;go;v1;1000;3;0,030000;NA;0,020000;0,010000;0,005388;NA;0,000000;0,000000;5,5682;0,000030000
exec;bolha;go;v1;1000;4;0,040000;NA;0,030000;0,010000;0,005176;NA;0,000000;0,000000;7,7280;0,000040000
exec;bolha;go;v1;1000;5;0,030000;NA;0,020000;0,010000;0,004949;NA;0,000000;0,000000;6,0621;0,000030000
exec;bolha;go;v1;1000;6;0,030000;NA;0,020000;0,010000;0,005024;NA;0,000000;0,000000;5,9708;0,000030000
exec;bolha;go;v1;1000;7;0,030000;NA;0,020000;0,010000;0,004982;NA;0,000000;0,000000;6,0220;0,000030000
exec;bolha;go;v1;1000;8;0,030000;NA;0,020000;0,010000;0,005519;NA;0,000000;0,000000;5,4356;0,000030000
exec;bolha;go;v1;1000;9;0,030000;NA;0,020000;0,010000;0,004978;NA;0,000000;0,000000;6,0262;0,000030000
exec;bolha;go;v1;1000;10;0,030000;NA;0,020000;0,010000;0,004920;NA;0,000000;0,000000;6,0970;0,000030000
exec;bolha;go;v1;10000;1;1,190000;NA;0,860000;0,230000;0,201034;NA;0,200000;0,000000;5,9194;0,000119000
exec;bolha;go;v1;10000;2;1,180000;NA;0,830000;0,220000;0,200665;NA;0,200000;0,000000;5,8804;0,000118000
exec;bolha;go;v1;10000;3;1,170000;NA;0,820000;0,220000;0,200405;NA;0,190000;0,000000;5,8382;0,000117000
exec;bolha;go;v1;10000;4;1,150000;NA;0,820000;0,220000;0,201482;NA;0,200000;0,000000;5,7077;0,000115000
exec;bolha;go;v1;10000;5;1,140000;NA;0,820000;0,220000;0,200434;NA;0,190000;0,000000;5,6877;0,000114000
exec;bolha;go;v1;10000;6;1,150000;NA;0,830000;0,220000;0,200743;NA;0,200000;0,000000;5,7287;0,000115000
exec;bolha;go;v1;10000;7;1,140000;NA;0,820000;0,220000;0,200104;NA;0,190000;0,000000;5,6970;0,000114000
exec;bolha;go;v1;10000;8;1,150000;NA;0,830000;0,220000;0,200441;NA;0,200000;0,000000;5,7373;0,000115000
exec;bolha;go;v1;10000;9;1,150000;NA;0,830000;0,220000;0,200807;NA;0,200000;0,000000;5,7269;0,000115000
exec;bolha;go;v1;10000;10;1,160000;NA;0,830000;0,220000;0,199834;NA;0,190000;0,000000;5,8048;0,000116000
exec;bolha;go;v1;50000;1;29,520000;NA;21,280000;5,300000;4,964014;NA;4,960000;0,000000;5,9468;0,000590400
exec;bolha;go;v1;50000;2;29,420000;NA;21,250000;5,310000;4,963366;NA;4,970000;0,000000;5,9274;0,000588400
exec;bolha;go;v1;50000;3;30,230000;NA;21,790000;5,520000;4,988890;NA;4,990000;0,000000;6,0595;0,000604600
exec;bolha;go;v1;50000;4;29,400000;NA;21,200000;5,310000;4,964827;NA;4,960000;0,000000;5,9217;0,000588000
exec;bolha;go;v1;50000;5;29,700000;NA;21,390000;5,320000;4,964224;NA;4,960000;0,000000;5,9828;0,000594000
exec;bolha;go;v1;50000;6;29,550000;NA;21,350000;5,300000;4,966821;NA;4,960000;0,010000;5,9495;0,000591000
exec;bolha;go;v1;50000;7;29,540000;NA;21,300000;5,300000;4,962871;NA;4,960000;0,000000;5,9522;0,000590800
exec;bolha;go;v1;50000;8;29,440000;NA;21,250000;5,300000;4,964234;NA;4,960000;0,000000;5,9304;0,000588800
exec;bolha;go;v1;50000;9;29,510000;NA;21,250000;5,290000;4,963956;NA;4,970000;0,000000;5,9449;0,000590200
exec;bolha;go;v1;50000;10;29,460000;NA;21,270000;5,300000;4,964402;NA;4,960000;0,000000;5,9342;0,000589200
exec;bolha;go;v1;100000;1;117,590000;NA;84,820000;21,100000;19,780217;NA;19,790000;0,020000;5,9448;0,001175900
exec;bolha;go;v1;100000;2;118,560000;NA;85,620000;21,310000;19,818265;NA;19,810000;0,030000;5,9824;0,001185600
exec;bolha;go;v1;100000;3;117,750000;NA;84,970000;21,110000;19,786117;NA;19,790000;0,020000;5,9511;0,001177500
exec;bolha;go;v1;100000;4;118,040000;NA;85,190000;21,170000;19,806285;NA;19,790000;0,050000;5,9597;0,001180400
exec;bolha;go;v1;100000;5;117,840000;NA;85,080000;21,160000;19,805858;NA;19,810000;0,020000;5,9498;0,001178400
exec;bolha;go;v1;100000;6;118,460000;NA;85,570000;21,120000;19,789626;NA;19,790000;0,030000;5,9860;0,001184600
exec;bolha;go;v1;100000;7;117,800000;NA;84,990000;21,130000;19,801080;NA;19,800000;0,020000;5,9492;0,001178000
exec;bolha;go;v1;100000;8;117,590000;NA;84,830000;21,120000;19,794796;NA;19,810000;0,010000;5,9405;0,001175900
exec;bolha;go;v1;100000;9;118,000000;NA;85,160000;21,130000;19,792386;NA;19,780000;0,030000;5,9619;0,001180000
exec;bolha;go;v1;100000;10;117,680000;NA;84,930000;21,160000;19,812253;NA;19,820000;0,020000;5,9398;0,001176800
exec;bolha;go;v2;10;1;0,020000;NA;0,010000;0,010000;0,003154;NA;0,000000;0,000000;6,3409;0,002000000
exec;bolha;go;v2;10;2;0,010000;NA;0,010000;0,000000;0,002871;NA;0,000000;0,000000;3,4828;0,001000000
exec;bolha;go;v2;10;3;0,020000;NA;0,010000;0,010000;0,003022;NA;0,000000;0,000000;6,6176;0,002000000
exec;bolha;go;v2;10;4;0,020000;NA;0,020000;0,010000;0,003062;NA;0,000000;0,000000;6,5322;0,002000000
exec;bolha;go;v2;10;5;0,020000;NA;0,010000;0,010000;0,002818;NA;0,000000;0,000000;7,0970;0,002000000
exec;bolha;go;v2;10;6;0,020000;NA;0,010000;0,010000;0,002841;NA;0,000000;0,000000;7,0388;0,002000000
exec;bolha;go;v2;10;7;0,020000;NA;0,010000;0,010000;0,003045;NA;0,000000;0,000000;6,5692;0,002000000
exec;bolha;go;v2;10;8;0,020000;NA;0,010000;0,010000;0,002825;NA;0,000000;0,000000;7,0806;0,002000000
exec;bolha;go;v2;10;9;0,020000;NA;0,010000;0,010000;0,002573;NA;0,000000;0,000000;7,7736;0,002000000
exec;bolha;go;v2;10;10;0,020000;NA;0,010000;0,010000;0,003062;NA;0,000000;0,000000;6,5320;0,002000000
exec;bolha;go;v2;100;1;0,020000;NA;0,010000;0,010000;0,003077;NA;0,000000;0,000000;6,5007;0,000200000
exec;bolha;go;v2;100;2;0,010000;NA;0,010000;0,000000;0,002552;NA;0,000000;0,000000;3,9191;0,000100000
exec;bolha;go;v2;100;3;0,020000;NA;0,010000;0,010000;0,002928;NA;0,000000;0,000000;6,8300;0,000200000
exec;bolha;go;v2;100;4;0,030000;NA;0,020000;0,010000;0,003268;NA;0,000000;0,000000;9,1810;0,000300000
exec;bolha;go;v2;100;5;0,010000;NA;0,010000;0,000000;0,002835;NA;0,000000;0,000000;3,5271;0,000100000
exec;bolha;go;v2;100;6;0,020000;NA;0,010000;0,010000;0,002609;NA;0,000000;0,000000;7,6665;0,000200000
exec;bolha;go;v2;100;7;0,020000;NA;0,010000;0,010000;0,002776;NA;0,000000;0,000000;7,2041;0,000200000
exec;bolha;go;v2;100;8;0,020000;NA;0,010000;0,010000;0,003003;NA;0,000000;0,000000;6,6591;0,000200000
exec;bolha;go;v2;100;9;0,020000;NA;0,010000;0,010000;0,002935;NA;0,000000;0,000000;6,8138;0,000200000
exec;bolha;go;v2;100;10;0,020000;NA;0,010000;0,010000;0,002672;NA;0,000000;0,000000;7,4863;0,000200000
exec;bolha;go;v2;1000;1;0,030000;NA;0,020000;0,010000;0,005059;NA;0,000000;0,000000;5,9298;0,000030000
exec;bolha;go;v2;1000;2;0,030000;NA;0,020000;0,010000;0,004881;NA;0,000000;0,000000;6,1466;0,000030000
exec;bolha;go;v2;1000;3;0,030000;NA;0,020000;0,010000;0,004668;NA;0,000000;0,000000;6,4264;0,000030000
exec;bolha;go;v2;1000;4;0,030000;NA;0,020000;0,010000;0,004951;NA;0,000000;0,000000;6,0596;0,000030000
exec;bolha;go;v2;1000;5;0,030000;NA;0,020000;0,010000;0,005363;NA;0,000000;0,000000;5,5944;0,000030000
exec;bolha;go;v2;1000;6;0,040000;NA;0,030000;0,010000;0,005378;NA;0,000000;0,000000;7,4384;0,000040000
exec;bolha;go;v2;1000;7;0,040000;NA;0,030000;0,010000;0,005064;NA;0,000000;0,000000;7,8988;0,000040000
exec;bolha;go;v2;1000;8;0,030000;NA;0,020000;0,010000;0,004904;NA;0,000000;0,000000;6,1175;0,000030000
exec;bolha;go;v2;1000;9;0,030000;NA;0,020000;0,010000;0,004923;NA;0,000000;0,000000;6,0943;0,000030000
exec;bolha;go;v2;1000;10;0,030000;NA;0,020000;0,010000;0,005241;NA;0,000000;0,000000;5,7239;0,000030000
exec;bolha;go;v2;10000;1;1,170000;NA;0,860000;0,210000;0,192258;NA;0,180000;0,000000;6,0856;0,000117000
exec;bolha;go;v2;10000;2;1,160000;NA;0,840000;0,210000;0,192332;NA;0,190000;0,000000;6,0312;0,000116000
exec;bolha;go;v2;10000;3;1,200000;NA;0,880000;0,220000;0,193579;NA;0,180000;0,000000;6,1990;0,000120000
exec;bolha;go;v2;10000;4;1,180000;NA;0,850000;0,210000;0,191084;NA;0,180000;0,000000;6,1753;0,000118000
exec;bolha;go;v2;10000;5;1,170000;NA;0,840000;0,210000;0,191383;NA;0,180000;0,000000;6,1134;0,000117000
exec;bolha;go;v2;10000;6;1,150000;NA;0,840000;0,210000;0,191875;NA;0,180000;0,000000;5,9935;0,000115000
exec;bolha;go;v2;10000;7;1,160000;NA;0,840000;0,210000;0,192077;NA;0,190000;0,000000;6,0392;0,000116000
exec;bolha;go;v2;10000;8;1,160000;NA;0,830000;0,220000;0,199004;NA;0,190000;0,000000;5,8290;0,000116000
exec;bolha;go;v2;10000;9;1,150000;NA;0,840000;0,210000;0,192272;NA;0,180000;0,000000;5,9811;0,000115000
exec;bolha;go;v2;10000;10;1,140000;NA;0,830000;0,210000;0,191915;NA;0,190000;0,000000;5,9401;0,000114000
exec;bolha;go;v2;50000;1;30,140000;NA;22,010000;5,210000;4,876506;NA;4,870000;0,010000;6,1807;0,000602800
exec;bolha;go;v2;50000;2;29,980000;NA;21,930000;5,210000;4,881347;NA;4,880000;0,000000;6,1417;0,000599600
exec;bolha;go;v2;50000;3;30,320000;NA;22,180000;5,240000;4,890677;NA;4,870000;0,020000;6,1996;0,000606400
exec;bolha;go;v2;50000;4;30,770000;NA;22,630000;5,270000;4,891894;NA;4,890000;0,000000;6,2900;0,000615400
exec;bolha;go;v2;50000;5;30,260000;NA;22,180000;5,220000;4,871498;NA;4,860000;0,010000;6,2116;0,000605200
exec;bolha;go;v2;50000;6;30,230000;NA;22,100000;5,190000;4,866395;NA;4,870000;0,000000;6,2120;0,000604600
exec;bolha;go;v2;50000;7;30,220000;NA;22,140000;5,220000;4,880405;NA;4,860000;0,010000;6,1921;0,000604400
exec;bolha;go;v2;50000;8;30,390000;NA;22,220000;5,240000;4,879395;NA;4,880000;0,000000;6,2282;0,000607800
exec;bolha;go;v2;50000;9;30,050000;NA;21,990000;5,200000;4,874183;NA;4,860000;0,010000;6,1651;0,000601000
exec;bolha;go;v2;50000;10;30,090000;NA;22,010000;5,210000;4,873058;NA;4,870000;0,000000;6,1748;0,000601800
exec;bolha;go;v2;100000;1;120,770000;NA;88,430000;20,800000;19,461590;NA;19,440000;0,040000;6,2056;0,001207700
exec;bolha;go;v2;100000;2;120,540000;NA;88,190000;20,810000;19,479724;NA;19,470000;0,030000;6,1880;0,001205400
exec;bolha;go;v2;100000;3;121,240000;NA;88,790000;20,780000;19,464374;NA;19,490000;0,000000;6,2288;0,001212400
exec;bolha;go;v2;100000;4;120,660000;NA;88,310000;20,800000;19,472654;NA;19,450000;0,050000;6,1964;0,001206600
exec;bolha;go;v2;100000;5;120,770000;NA;88,400000;20,760000;19,444031;NA;19,450000;0,020000;6,2112;0,001207700
exec;bolha;go;v2;100000;6;120,250000;NA;87,970000;20,770000;19,465358;NA;19,450000;0,040000;6,1776;0,001202500
exec;bolha;go;v2;100000;7;119,890000;NA;87,690000;20,790000;19,466620;NA;19,480000;0,010000;6,1587;0,001198900
exec;bolha;go;v2;100000;8;120,250000;NA;87,960000;20,770000;19,456490;NA;19,450000;0,040000;6,1805;0,001202500
exec;bolha;go;v2;100000;9;119,810000;NA;87,600000;20,790000;19,473010;NA;19,480000;0,020000;6,1526;0,001198100
exec;bolha;go;v2;100000;10;120,470000;NA;88,170000;20,870000;19,482982;NA;19,490000;0,020000;6,1833;0,001204700
exec;bolha;rust;v1;10;1;0,010000;NA;0,010000;0,000000;0,002548;NA;0,001000;0,000000;3,9248;0,001000000
exec;bolha;rust;v1;10;2;0,020000;NA;0,010000;0,000000;0,002521;NA;0,001000;0,000000;7,9343;0,002000000
exec;bolha;rust;v1;10;3;0,010000;NA;0,010000;0,000000;0,002573;NA;0,001000;0,000000;3,8865;0,001000000
exec;bolha;rust;v1;10;4;0,020000;NA;0,010000;0,010000;0,003458;NA;0,001000;0,000000;5,7841;0,002000000
exec;bolha;rust;v1;10;5;0,020000;NA;0,010000;0,010000;0,002892;NA;0,001000;0,000000;6,9164;0,002000000
exec;bolha;rust;v1;10;6;0,020000;NA;0,010000;0,010000;0,002807;NA;0,001000;0,000000;7,1240;0,002000000
exec;bolha;rust;v1;10;7;0,040000;NA;0,030000;0,010000;0,004787;NA;0,001000;0,000000;8,3552;0,004000000
exec;bolha;rust;v1;10;8;0,020000;NA;0,010000;0,010000;0,002787;NA;0,001000;0,000000;7,1774;0,002000000
exec;bolha;rust;v1;10;9;0,010000;NA;0,010000;0,000000;0,002758;NA;0,000000;0,001000;3,6255;0,001000000
exec;bolha;rust;v1;10;10;0,020000;NA;0,010000;0,010000;0,002758;NA;0,001000;0,000000;7,2523;0,002000000
exec;bolha;rust;v1;100;1;0,020000;NA;0,010000;0,000000;0,002555;NA;0,001000;0,000000;7,8291;0,000200000
exec;bolha;rust;v1;100;2;0,010000;NA;0,010000;0,000000;0,002788;NA;0,001000;0,000000;3,5873;0,000100000
exec;bolha;rust;v1;100;3;0,010000;NA;0,010000;0,000000;0,002656;NA;0,001000;0,000000;3,7649;0,000100000
exec;bolha;rust;v1;100;4;0,020000;NA;0,010000;0,010000;0,003002;NA;0,000000;0,001000;6,6612;0,000200000
exec;bolha;rust;v1;100;5;0,020000;NA;0,010000;0,010000;0,002961;NA;0,001000;0,000000;6,7540;0,000200000
exec;bolha;rust;v1;100;6;0,020000;NA;0,020000;0,010000;0,003427;NA;0,002000;0,000000;5,8359;0,000200000
exec;bolha;rust;v1;100;7;0,020000;NA;0,010000;0,010000;0,002900;NA;0,001000;0,000000;6,8964;0,000200000
exec;bolha;rust;v1;100;8;0,020000;NA;0,010000;0,010000;0,003031;NA;0,001000;0,000000;6,5996;0,000200000
exec;bolha;rust;v1;100;9;0,030000;NA;0,020000;0,020000;0,004606;NA;0,000000;0,002000;6,5134;0,000300000
exec;bolha;rust;v1;100;10;0,020000;NA;0,010000;0,000000;0,002814;NA;0,001000;0,000000;7,1083;0,000200000
exec;bolha;rust;v1;1000;1;0,020000;NA;0,020000;0,010000;0,004726;NA;0,003000;0,000000;4,2322;0,000020000
exec;bolha;rust;v1;1000;2;0,030000;NA;0,020000;0,010000;0,005176;NA;0,003000;0,000000;5,7958;0,000030000
exec;bolha;rust;v1;1000;3;0,030000;NA;0,020000;0,010000;0,004951;NA;0,000000;0,003000;6,0593;0,000030000
exec;bolha;rust;v1;1000;4;0,030000;NA;0,020000;0,010000;0,005208;NA;0,003000;0,000000;5,7606;0,000030000
exec;bolha;rust;v1;1000;5;0,040000;NA;0,030000;0,010000;0,005621;NA;0,003000;0,000000;7,1166;0,000040000
exec;bolha;rust;v1;1000;6;0,030000;NA;0,020000;0,010000;0,005082;NA;0,003000;0,000000;5,9033;0,000030000
exec;bolha;rust;v1;1000;7;0,030000;NA;0,020000;0,010000;0,005076;NA;0,003000;0,000000;5,9102;0,000030000
exec;bolha;rust;v1;1000;8;0,030000;NA;0,020000;0,010000;0,005125;NA;0,003000;0,000000;5,8539;0,000030000
exec;bolha;rust;v1;1000;9;0,030000;NA;0,020000;0,010000;0,005050;NA;0,003000;0,000000;5,9407;0,000030000
exec;bolha;rust;v1;1000;10;0,030000;NA;0,020000;0,010000;0,005161;NA;0,003000;0,000000;5,8123;0,000030000
exec;bolha;rust;v1;10000;1;1,210000;NA;0,850000;0,220000;0,207457;NA;0,202000;0,004000;5,8325;0,000121000
exec;bolha;rust;v1;10000;2;1,210000;NA;0,870000;0,230000;0,210395;NA;0,209000;0,000000;5,7511;0,000121000
exec;bolha;rust;v1;10000;3;1,200000;NA;0,860000;0,220000;0,209974;NA;0,208000;0,000000;5,7150;0,000120000
exec;bolha;rust;v1;10000;4;1,340000;NA;0,980000;0,280000;0,215377;NA;0,213000;0,000000;6,2216;0,000134000
exec;bolha;rust;v1;10000;5;1,320000;NA;0,960000;0,280000;0,214786;NA;0,209000;0,004000;6,1456;0,000132000
exec;bolha;rust;v1;10000;6;1,340000;NA;0,970000;0,290000;0,217267;NA;0,215000;0,000000;6,1675;0,000134000
exec;bolha;rust;v1;10000;7;1,350000;NA;0,970000;0,290000;0,214709;NA;0,209000;0,004000;6,2876;0,000135000
exec;bolha;rust;v1;10000;8;1,320000;NA;0,940000;0,270000;0,213657;NA;0,208000;0,004000;6,1781;0,000132000
exec;bolha;rust;v1;10000;9;1,300000;NA;0,940000;0,270000;0,216226;NA;0,213000;0,000000;6,0122;0,000130000
exec;bolha;rust;v1;10000;10;1,340000;NA;0,980000;0,290000;0,216417;NA;0,214000;0,000000;6,1917;0,000134000
exec;bolha;rust;v1;50000;1;30,170000;NA;21,620000;5,530000;5,192306;NA;5,190000;0,000000;5,8105;0,000603400
exec;bolha;rust;v1;50000;2;29,940000;NA;21,430000;5,520000;5,185833;NA;5,180000;0,004000;5,7734;0,000598800
exec;bolha;rust;v1;50000;3;30,460000;NA;21,790000;5,530000;5,193905;NA;5,186000;0,004000;5,8646;0,000609200
exec;bolha;rust;v1;50000;4;33,250000;NA;24,180000;6,900000;5,344233;NA;5,338000;0,004000;6,2217;0,000665000
exec;bolha;rust;v1;50000;5;33,780000;NA;24,640000;6,980000;5,351514;NA;5,336000;0,012000;6,3122;0,000675600
exec;bolha;rust;v1;50000;6;32,490000;NA;23,490000;6,430000;5,304340;NA;5,280000;0,020000;6,1252;0,000649800
exec;bolha;rust;v1;50000;7;30,190000;NA;21,640000;5,550000;5,191772;NA;5,186000;0,004000;5,8150;0,000603800
exec;bolha;rust;v1;50000;8;30,650000;NA;22,030000;5,710000;5,211947;NA;5,206000;0,004000;5,8807;0,000613000
exec;bolha;rust;v1;50000;9;30,210000;NA;21,600000;5,550000;5,183757;NA;5,182000;0,000000;5,8278;0,000604200
exec;bolha;rust;v1;50000;10;31,250000;NA;22,480000;5,930000;5,285900;NA;5,284000;0,000000;5,9120;0,000625000
exec;bolha;rust;v1;100000;1;122,300000;NA;87,910000;22,270000;20,806975;NA;20,792000;0,012000;5,8778;0,001223000
exec;bolha;rust;v1;100000;2;121,600000;NA;87,280000;22,100000;20,758386;NA;20,748000;0,008000;5,8579;0,001216000
exec;bolha;rust;v1;100000;3;123,790000;NA;89,050000;22,210000;20,816151;NA;20,807000;0,004000;5,9468;0,001237900
exec;bolha;rust;v1;100000;4;131,400000;NA;95,490000;25,720000;21,214321;NA;21,207000;0,004000;6,1939;0,001314000
exec;bolha;rust;v1;100000;5;121,960000;NA;87,560000;22,380000;20,798824;NA;20,792000;0,004000;5,8638;0,001219600
exec;bolha;rust;v1;100000;6;120,950000;NA;86,700000;22,170000;20,759775;NA;20,757000;0,000000;5,8262;0,001209500
exec;bolha;rust;v1;100000;7;122,290000;NA;87,780000;22,200000;20,770691;NA;20,752000;0,016000;5,8876;0,001222900
exec;bolha;rust;v1;100000;8;122,610000;NA;87,960000;22,400000;20,805562;NA;20,799000;0,004000;5,8931;0,001226100
exec;bolha;rust;v1;100000;9;121,490000;NA;87,100000;22,200000;20,782787;NA;20,770000;0,008000;5,8457;0,001214900
exec;bolha;rust;v1;100000;10;121,700000;NA;87,270000;22,190000;20,787463;NA;20,768000;0,016000;5,8545;0,001217000
exec;bolha;rust;v2;10;1;0,010000;NA;0,010000;0,000000;0,002526;NA;0,001000;0,000000;3,9587;0,001000000
exec;bolha;rust;v2;10;2;0,010000;NA;0,010000;0,000000;0,002592;NA;0,001000;0,000000;3,8577;0,001000000
exec;bolha;rust;v2;10;3;0,010000;NA;0,010000;0,000000;0,002533;NA;0,001000;0,000000;3,9480;0,001000000
exec;bolha;rust;v2;10;4;0,020000;NA;0,010000;0,010000;0,002873;NA;0,001000;0,000000;6,9625;0,002000000
exec;bolha;rust;v2;10;5;0,010000;NA;0,010000;0,000000;0,002659;NA;0,001000;0,000000;3,7611;0,001000000
exec;bolha;rust;v2;10;6;0,020000;NA;0,010000;0,010000;0,002862;NA;0,001000;0,000000;6,9878;0,002000000
exec;bolha;rust;v2;10;7;0,020000;NA;0,010000;0,010000;0,002756;NA;0,001000;0,000000;7,2564;0,002000000
exec;bolha;rust;v2;10;8;0,010000;NA;0,010000;0,000000;0,002725;NA;0,001000;0,000000;3,6692;0,001000000
exec;bolha;rust;v2;10;9;0,020000;NA;0,010000;0,010000;0,002701;NA;0,001000;0,000000;7,4040;0,002000000
exec;bolha;rust;v2;10;10;0,020000;NA;0,010000;0,010000;0,002768;NA;0,001000;0,000000;7,2243;0,002000000
exec;bolha;rust;v2;100;1;0,010000;NA;0,010000;0,000000;0,002500;NA;0,001000;0,000000;4,0004;0,000100000
exec;bolha;rust;v2;100;2;0,010000;NA;0,010000;0,000000;0,002734;NA;0,001000;0,000000;3,6575;0,000100000
exec;bolha;rust;v2;100;3;0,020000;NA;0,010000;0,000000;0,002842;NA;0,001000;0,000000;7,0363;0,000200000
exec;bolha;rust;v2;100;4;0,020000;NA;0,010000;0,010000;0,002662;NA;0,001000;0,000000;7,5131;0,000200000
exec;bolha;rust;v2;100;5;0,020000;NA;0,010000;0,010000;0,002652;NA;0,001000;0,000000;7,5406;0,000200000
exec;bolha;rust;v2;100;6;0,020000;NA;0,010000;0,010000;0,002893;NA;0,001000;0,000000;6,9138;0,000200000
exec;bolha;rust;v2;100;7;0,020000;NA;0,010000;0,010000;0,002796;NA;0,001000;0,000000;7,1539;0,000200000
exec;bolha;rust;v2;100;8;0,020000;NA;0,010000;0,010000;0,002697;NA;0,001000;0,000000;7,4145;0,000200000
exec;bolha;rust;v2;100;9;0,010000;NA;0,010000;0,000000;0,002721;NA;0,001000;0,000000;3,6746;0,000100000
exec;bolha;rust;v2;100;10;0,020000;NA;0,010000;0,010000;0,002770;NA;0,001000;0,000000;7,2212;0,000200000
exec;bolha;rust;v2;1000;1;0,020000;NA;0,020000;0,010000;0,004145;NA;0,003000;0,000000;4,8257;0,000020000
exec;bolha;rust;v2;1000;2;0,020000;NA;0,020000;0,010000;0,004111;NA;0,002000;0,000000;4,8646;0,000020000
exec;bolha;rust;v2;1000;3;0,030000;NA;0,020000;0,010000;0,004268;NA;0,000000;0,003000;7,0289;0,000030000
exec;bolha;rust;v2;1000;4;0,020000;NA;0,020000;0,010000;0,004229;NA;0,000000;0,002000;4,7292;0,000020000
exec;bolha;rust;v2;1000;5;0,030000;NA;0,020000;0,010000;0,004354;NA;0,002000;0,000000;6,8901;0,000030000
exec;bolha;rust;v2;1000;6;0,030000;NA;0,020000;0,010000;0,004300;NA;0,000000;0,002000;6,9764;0,000030000
exec;bolha;rust;v2;1000;7;0,020000;NA;0,020000;0,010000;0,004268;NA;0,002000;0,000000;4,6855;0,000020000
exec;bolha;rust;v2;1000;8;0,020000;NA;0,020000;0,010000;0,004258;NA;0,000000;0,002000;4,6970;0,000020000
exec;bolha;rust;v2;1000;9;0,020000;NA;0,020000;0,010000;0,004118;NA;0,002000;0,000000;4,8570;0,000020000
exec;bolha;rust;v2;1000;10;0,020000;NA;0,020000;0,010000;0,004201;NA;0,003000;0,000000;4,7605;0,000020000
exec;bolha;rust;v2;10000;1;0,850000;NA;0,600000;0,160000;0,153202;NA;0,148000;0,004000;5,5482;0,000085000
exec;bolha;rust;v2;10000;2;0,870000;NA;0,620000;0,170000;0,154037;NA;0,152000;0,000000;5,6480;0,000087000
exec;bolha;rust;v2;10000;3;0,860000;NA;0,600000;0,170000;0,154192;NA;0,153000;0,000000;5,5774;0,000086000
exec;bolha;rust;v2;10000;4;0,870000;NA;0,610000;0,170000;0,154399;NA;0,148000;0,004000;5,6348;0,000087000
exec;bolha;rust;v2;10000;5;0,850000;NA;0,600000;0,170000;0,154036;NA;0,152000;0,000000;5,5182;0,000085000
exec;bolha;rust;v2;10000;6;0,850000;NA;0,600000;0,170000;0,154067;NA;0,148000;0,004000;5,5171;0,000085000
exec;bolha;rust;v2;10000;7;0,880000;NA;0,610000;0,170000;0,154416;NA;0,152000;0,000000;5,6989;0,000088000
exec;bolha;rust;v2;10000;8;0,870000;NA;0,600000;0,170000;0,153842;NA;0,148000;0,004000;5,6551;0,000087000
exec;bolha;rust;v2;10000;9;0,870000;NA;0,610000;0,170000;0,154027;NA;0,148000;0,004000;5,6484;0,000087000
exec;bolha;rust;v2;10000;10;0,860000;NA;0,610000;0,170000;0,154419;NA;0,153000;0,000000;5,5693;0,000086000
exec;bolha;rust;v2;50000;1;21,770000;NA;15,410000;4,040000;3,788765;NA;3,787000;0,000000;5,7459;0,000435400
exec;bolha;rust;v2;50000;2;22,220000;NA;15,780000;4,160000;3,822934;NA;3,809000;0,012000;5,8123;0,000444400
exec;bolha;rust;v2;50000;3;21,730000;NA;15,350000;4,030000;3,787933;NA;3,778000;0,008000;5,7366;0,000434600
exec;bolha;rust;v2;50000;4;21,560000;NA;15,230000;4,060000;3,791959;NA;3,786000;0,004000;5,6857;0,000431200
exec;bolha;rust;v2;50000;5;21,900000;NA;15,550000;4,180000;3,813181;NA;3,807000;0,004000;5,7432;0,000438000
exec;bolha;rust;v2;50000;6;21,720000;NA;15,350000;4,040000;3,786038;NA;3,776000;0,008000;5,7369;0,000434400
exec;bolha;rust;v2;50000;7;21,650000;NA;15,300000;4,050000;3,787602;NA;3,781000;0,004000;5,7160;0,000433000
exec;bolha;rust;v2;50000;8;21,490000;NA;15,150000;4,050000;3,790387;NA;3,784000;0,004000;5,6696;0,000429800
exec;bolha;rust;v2;50000;9;21,490000;NA;15,170000;4,040000;3,788067;NA;3,786000;0,000000;5,6731;0,000429800
exec;bolha;rust;v2;50000;10;21,590000;NA;15,240000;4,060000;3,793039;NA;3,779000;0,012000;5,6920;0,000431800
exec;bolha;rust;v2;100000;1;87,560000;NA;62,100000;16,130000;15,125410;NA;15,099000;0,024000;5,7889;0,000875600
exec;bolha;rust;v2;100000;2;87,360000;NA;61,970000;16,140000;15,126427;NA;15,120000;0,004000;5,7753;0,000873600
exec;bolha;rust;v2;100000;3;87,700000;NA;62,260000;16,080000;15,110313;NA;15,102000;0,004000;5,8040;0,000877000
exec;bolha;rust;v2;100000;4;86,870000;NA;61,490000;16,130000;15,128490;NA;15,119000;0,004000;5,7421;0,000868700
exec;bolha;rust;v2;100000;5;87,120000;NA;61,730000;16,140000;15,122455;NA;15,120000;0,000000;5,7610;0,000871200
exec;bolha;rust;v2;100000;6;87,820000;NA;62,270000;16,140000;15,119598;NA;15,105000;0,012000;5,8084;0,000878200
exec;bolha;rust;v2;100000;7;87,070000;NA;61,710000;16,120000;15,111195;NA;15,101000;0,008000;5,7620;0,000870700
exec;bolha;rust;v2;100000;8;87,240000;NA;61,790000;16,120000;15,118578;NA;15,114000;0,000000;5,7704;0,000872400
exec;bolha;rust;v2;100000;9;88,090000;NA;62,620000;16,210000;15,147268;NA;15,140000;0,004000;5,8156;0,000880900
exec;bolha;rust;v2;100000;10;86,930000;NA;61,550000;16,150000;15,127675;NA;15,117000;0,008000;5,7464;0,000869300
exec;insertion;go;v1;10;1;0,020000;NA;0,010000;0,010000;0,002617;NA;0,000000;0,000000;7,6433;0,002000000
exec;insertion;go;v1;10;2;0,020000;NA;0,010000;0,010000;0,002489;NA;0,000000;0,000000;8,0339;0,002000000
exec;insertion;go;v1;10;3;0,020000;NA;0,010000;0,010000;0,002599;NA;0,000000;0,000000;7,6950;0,002000000
exec;insertion;go;v1;10;4;0,010000;NA;0,010000;0,000000;0,002864;NA;0,000000;0,000000;3,4911;0,001000000
exec;insertion;go;v1;10;5;0,020000;NA;0,010000;0,010000;0,002595;NA;0,000000;0,000000;7,7059;0,002000000
exec;insertion;go;v1;10;6;0,020000;NA;0,010000;0,010000;0,002728;NA;0,000000;0,000000;7,3320;0,002000000
exec;insertion;go;v1;10;7;0,020000;NA;0,010000;0,010000;0,002846;NA;0,000000;0,000000;7,0263;0,002000000
exec;insertion;go;v1;10;8;0,020000;NA;0,010000;0,010000;0,002750;NA;0,000000;0,000000;7,2726;0,002000000
exec;insertion;go;v1;10;9;0,020000;NA;0,010000;0,010000;0,003335;NA;0,000000;0,000000;5,9969;0,002000000
exec;insertion;go;v1;10;10;0,020000;NA;0,010000;0,010000;0,002958;NA;0,000000;0,000000;6,7620;0,002000000
exec;insertion;go;v1;100;1;0,020000;NA;0,010000;0,010000;0,002948;NA;0,000000;0,000000;6,7853;0,000200000
exec;insertion;go;v1;100;2;0,030000;NA;0,020000;0,010000;0,004329;NA;0,000000;0,000000;6,9293;0,000300000
exec;insertion;go;v1;100;3;0,020000;NA;0,010000;0,010000;0,003283;NA;0,000000;0,000000;6,0925;0,000200000
exec;insertion;go;v1;100;4;0,030000;NA;0,020000;0,010000;0,003418;NA;0,000000;0,000000;8,7765;0,000300000
exec;insertion;go;v1;100;5;0,020000;NA;0,010000;0,010000;0,003178;NA;0,000000;0,000000;6,2930;0,000200000
exec;insertion;go;v1;100;6;0,020000;NA;0,010000;0,010000;0,003105;NA;0,000000;0,000000;6,4418;0,000200000
exec;insertion;go;v1;100;7;0,020000;NA;0,010000;0,010000;0,002962;NA;0,000000;0,000000;6,7526;0,000200000
exec;insertion;go;v1;100;8;0,010000;NA;0,010000;0,000000;0,002737;NA;0,000000;0,000000;3,6537;0,000100000
exec;insertion;go;v1;100;9;0,020000;NA;0,010000;0,010000;0,002708;NA;0,000000;0,000000;7,3849;0,000200000
exec;insertion;go;v1;100;10;0,030000;NA;0,020000;0,010000;0,002809;NA;0,000000;0,000000;10,6804;0,000300000
exec;insertion;go;v1;1000;1;0,020000;NA;0,020000;0,010000;0,003842;NA;0,000000;0,000000;5,2055;0,000020000
exec;insertion;go;v1;1000;2;0,020000;NA;0,020000;0,010000;0,003929;NA;0,000000;0,000000;5,0908;0,000020000
exec;insertion;go;v1;1000;3;0,020000;NA;0,020000;0,010000;0,003585;NA;0,000000;0,000000;5,5789;0,000020000
exec;insertion;go;v1;1000;4;0,020000;NA;0,020000;0,010000;0,003821;NA;0,000000;0,000000;5,2349;0,000020000
exec;insertion;go;v1;1000;5;0,020000;NA;0,020000;0,010000;0,003797;NA;0,000000;0,000000;5,2668;0,000020000
exec;insertion;go;v1;1000;6;0,020000;NA;0,010000;0,010000;0,003383;NA;0,000000;0,000000;5,9123;0,000020000
exec;insertion;go;v1;1000;7;0,020000;NA;0,010000;0,010000;0,003319;NA;0,000000;0,000000;6,0250;0,000020000
exec;insertion;go;v1;1000;8;0,020000;NA;0,020000;0,010000;0,003565;NA;0,000000;0,000000;5,6095;0,000020000
exec;insertion;go;v1;1000;9;0,020000;NA;0,020000;0,010000;0,003660;NA;0,000000;0,000000;5,4641;0,000020000
exec;insertion;go;v1;1000;10;0,030000;NA;0,020000;0,010000;0,003605;NA;0,000000;0,000000;8,3226;0,000030000
exec;insertion;go;v1;10000;1;0,280000;NA;0,200000;0,060000;0,051237;NA;0,050000;0,000000;5,4648;0,000028000
exec;insertion;go;v1;10000;2;0,290000;NA;0,200000;0,060000;0,052231;NA;0,040000;0,000000;5,5522;0,000029000
exec;insertion;go;v1;10000;3;0,290000;NA;0,200000;0,060000;0,051706;NA;0,040000;0,000000;5,6086;0,000029000
exec;insertion;go;v1;10000;4;0,290000;NA;0,200000;0,060000;0,052094;NA;0,050000;0,000000;5,5668;0,000029000
exec;insertion;go;v1;10000;5;0,310000;NA;0,220000;0,070000;0,052312;NA;0,040000;0,000000;5,9260;0,000031000
exec;insertion;go;v1;10000;6;0,290000;NA;0,200000;0,060000;0,052634;NA;0,050000;0,000000;5,5097;0,000029000
exec;insertion;go;v1;10000;7;0,290000;NA;0,200000;0,060000;0,051558;NA;0,050000;0,000000;5,6248;0,000029000
exec;insertion;go;v1;10000;8;0,280000;NA;0,200000;0,060000;0,051553;NA;0,050000;0,000000;5,4313;0,000028000
exec;insertion;go;v1;10000;9;0,280000;NA;0,200000;0,060000;0,051384;NA;0,040000;0,000000;5,4491;0,000028000
exec;insertion;go;v1;10000;10;0,280000;NA;0,190000;0,060000;0,051182;NA;0,040000;0,000000;5,4707;0,000028000
exec;insertion;go;v1;50000;1;6,470000;NA;4,480000;1,250000;1,168056;NA;1,170000;0,000000;5,5391;0,000129400
exec;insertion;go;v1;50000;2;6,420000;NA;4,490000;1,260000;1,168491;NA;1,160000;0,000000;5,4943;0,000128400
exec;insertion;go;v1;50000;3;6,450000;NA;4,460000;1,250000;1,167760;NA;1,160000;0,000000;5,5234;0,000129000
exec;insertion;go;v1;50000;4;6,470000;NA;4,490000;1,260000;1,168441;NA;1,170000;0,000000;5,5373;0,000129400
exec;insertion;go;v1;50000;5;6,390000;NA;4,450000;1,250000;1,166235;NA;1,160000;0,000000;5,4792;0,000127800
exec;insertion;go;v1;50000;6;6,440000;NA;4,460000;1,250000;1,168288;NA;1,160000;0,000000;5,5123;0,000128800
exec;insertion;go;v1;50000;7;6,490000;NA;4,550000;1,250000;1,168467;NA;1,160000;0,000000;5,5543;0,000129800
exec;insertion;go;v1;50000;8;6,510000;NA;4,510000;1,260000;1,168102;NA;1,170000;0,000000;5,5731;0,000130200
exec;insertion;go;v1;50000;9;6,470000;NA;4,510000;1,260000;1,168654;NA;1,160000;0,000000;5,5363;0,000129400
exec;insertion;go;v1;50000;10;6,430000;NA;4,470000;1,250000;1,167924;NA;1,160000;0,000000;5,5055;0,000128600
exec;insertion;go;v1;100000;1;26,020000;NA;18,200000;4,950000;4,639753;NA;4,640000;0,010000;5,6081;0,000260200
exec;insertion;go;v1;100000;2;26,170000;NA;18,310000;4,970000;4,639226;NA;4,640000;0,000000;5,6410;0,000261700
exec;insertion;go;v1;100000;3;26,010000;NA;18,200000;4,950000;4,633908;NA;4,620000;0,010000;5,6130;0,000260100
exec;insertion;go;v1;100000;4;26,290000;NA;18,450000;4,990000;4,647085;NA;4,640000;0,010000;5,6573;0,000262900
exec;insertion;go;v1;100000;5;26,180000;NA;18,290000;4,960000;4,636024;NA;4,640000;0,000000;5,6471;0,000261800
exec;insertion;go;v1;100000;6;26,290000;NA;18,440000;4,980000;4,645588;NA;4,640000;0,010000;5,6591;0,000262900
exec;insertion;go;v1;100000;7;26,040000;NA;18,230000;4,950000;4,639383;NA;4,630000;0,010000;5,6128;0,000260400
exec;insertion;go;v1;100000;8;26,250000;NA;18,360000;4,960000;4,642301;NA;4,630000;0,010000;5,6545;0,000262500
exec;insertion;go;v1;100000;9;25,930000;NA;18,140000;4,950000;4,635980;NA;4,630000;0,000000;5,5932;0,000259300
exec;insertion;go;v1;100000;10;26,120000;NA;18,280000;4,950000;4,641549;NA;4,650000;0,000000;5,6274;0,000261200
exec;insertion;go;v2;10;1;0,020000;NA;0,010000;0,010000;0,003243;NA;0,000000;0,000000;6,1679;0,002000000
exec;insertion;go;v2;10;2;0,020000;NA;0,010000;0,010000;0,003193;NA;0,000000;0,000000;6,2631;0,002000000
exec;insertion;go;v2;10;3;0,020000;NA;0,010000;0,010000;0,002882;NA;0,000000;0,000000;6,9392;0,002000000
exec;insertion;go;v2;10;4;0,020000;NA;0,010000;0,010000;0,003095;NA;0,000000;0,000000;6,4615;0,002000000
exec;insertion;go;v2;10;5;0,020000;NA;0,010000;0,010000;0,002922;NA;0,000000;0,000000;6,8439;0,002000000
exec;insertion;go;v2;10;6;0,020000;NA;0,010000;0,010000;0,002610;NA;0,000000;0,000000;7,6642;0,002000000
exec;insertion;go;v2;10;7;0,020000;NA;0,010000;0,010000;0,002728;NA;0,000000;0,000000;7,3309;0,002000000
exec;insertion;go;v2;10;8;0,010000;NA;0,010000;0,000000;0,002739;NA;0,000000;0,000000;3,6510;0,001000000
exec;insertion;go;v2;10;9;0,020000;NA;0,010000;0,010000;0,003074;NA;0,000000;0,000000;6,5053;0,002000000
exec;insertion;go;v2;10;10;0,010000;NA;0,010000;0,000000;0,002679;NA;0,000000;0,000000;3,7333;0,001000000
exec;insertion;go;v2;100;1;0,020000;NA;0,010000;0,010000;0,002907;NA;0,000000;0,000000;6,8788;0,000200000
exec;insertion;go;v2;100;2;0,020000;NA;0,010000;0,010000;0,002704;NA;0,000000;0,000000;7,3953;0,000200000
exec;insertion;go;v2;100;3;0,020000;NA;0,010000;0,010000;0,003131;NA;0,000000;0,000000;6,3873;0,000200000
exec;insertion;go;v2;100;4;0,020000;NA;0,010000;0,010000;0,002956;NA;0,000000;0,000000;6,7661;0,000200000
exec;insertion;go;v2;100;5;0,020000;NA;0,010000;0,010000;0,003187;NA;0,000000;0,000000;6,2750;0,000200000
exec;insertion;go;v2;100;6;0,030000;NA;0,020000;0,010000;0,003084;NA;0,000000;0,000000;9,7279;0,000300000
exec;insertion;go;v2;100;7;0,010000;NA;0,010000;0,000000;0,002783;NA;0,000000;0,000000;3,5938;0,000100000
exec;insertion;go;v2;100;8;0,020000;NA;0,010000;0,010000;0,002836;NA;0,000000;0,000000;7,0516;0,000200000
exec;insertion;go;v2;100;9;0,010000;NA;0,010000;0,000000;0,002752;NA;0,000000;0,000000;3,6335;0,000100000
exec;insertion;go;v2;100;10;0,010000;NA;0,010000;0,000000;0,002714;NA;0,000000;0,000000;3,6845;0,000100000
exec;insertion;go;v2;1000;1;0,020000;NA;0,010000;0,010000;0,003613;NA;0,000000;0,000000;5,5355;0,000020000
exec;insertion;go;v2;1000;2;0,020000;NA;0,010000;0,010000;0,003514;NA;0,000000;0,000000;5,6920;0,000020000
exec;insertion;go;v2;1000;3;0,020000;NA;0,010000;0,010000;0,003589;NA;0,000000;0,000000;5,5732;0,000020000
exec;insertion;go;v2;1000;4;0,020000;NA;0,020000;0,010000;0,003551;NA;0,000000;0,000000;5,6319;0,000020000
exec;insertion;go;v2;1000;5;0,020000;NA;0,010000;0,010000;0,003164;NA;0,000000;0,000000;6,3201;0,000020000
exec;insertion;go;v2;1000;6;0,020000;NA;0,010000;0,010000;0,002974;NA;0,000000;0,000000;6,7247;0,000020000
exec;insertion;go;v2;1000;7;0,020000;NA;0,010000;0,010000;0,003116;NA;0,000000;0,000000;6,4184;0,000020000
exec;insertion;go;v2;1000;8;0,020000;NA;0,010000;0,010000;0,003053;NA;0,000000;0,000000;6,5506;0,000020000
exec;insertion;go;v2;1000;9;0,020000;NA;0,010000;0,010000;0,003048;NA;0,000000;0,000000;6,5618;0,000020000
exec;insertion;go;v2;1000;10;0,020000;NA;0,010000;0,010000;0,003032;NA;0,000000;0,000000;6,5962;0,000020000
exec;insertion;go;v2;10000;1;0,120000;NA;0,090000;0,030000;0,020924;NA;0,020000;0,000000;5,7349;0,000012000
exec;insertion;go;v2;10000;2;0,130000;NA;0,090000;0,030000;0,021275;NA;0,020000;0,000000;6,1106;0,000013000
exec;insertion;go;v2;10000;3;0,120000;NA;0,090000;0,020000;0,020866;NA;0,010000;0,000000;5,7509;0,000012000
exec;insertion;go;v2;10000;4;0,130000;NA;0,090000;0,030000;0,021182;NA;0,020000;0,000000;6,1373;0,000013000
exec;insertion;go;v2;10000;5;0,130000;NA;0,090000;0,030000;0,021278;NA;0,020000;0,000000;6,1095;0,000013000
exec;insertion;go;v2;10000;6;0,130000;NA;0,090000;0,030000;0,021231;NA;0,010000;0,000000;6,1232;0,000013000
exec;insertion;go;v2;10000;7;0,130000;NA;0,100000;0,030000;0,021451;NA;0,020000;0,000000;6,0602;0,000013000
exec;insertion;go;v2;10000;8;0,130000;NA;0,090000;0,030000;0,021371;NA;0,020000;0,000000;6,0831;0,000013000
exec;insertion;go;v2;10000;9;0,130000;NA;0,100000;0,030000;0,021356;NA;0,020000;0,000000;6,0873;0,000013000
exec;insertion;go;v2;10000;10;0,130000;NA;0,100000;0,030000;0,021656;NA;0,020000;0,000000;6,0029;0,000013000
exec;insertion;go;v2;50000;1;2,680000;NA;2,000000;0,470000;0,435599;NA;0,430000;0,000000;6,1524;0,000053600
exec;insertion;go;v2;50000;2;2,690000;NA;1,980000;0,470000;0,435282;NA;0,420000;0,000000;6,1799;0,000053800
exec;insertion;go;v2;50000;3;2,710000;NA;1,990000;0,470000;0,435246;NA;0,420000;0,000000;6,2264;0,000054200
exec;insertion;go;v2;50000;4;2,710000;NA;2,010000;0,490000;0,441189;NA;0,430000;0,000000;6,1425;0,000054200
exec;insertion;go;v2;50000;5;2,660000;NA;1,980000;0,470000;0,435093;NA;0,430000;0,000000;6,1136;0,000053200
exec;insertion;go;v2;50000;6;2,690000;NA;2,000000;0,480000;0,436382;NA;0,430000;0,000000;6,1643;0,000053800
exec;insertion;go;v2;50000;7;2,740000;NA;1,990000;0,470000;0,436348;NA;0,420000;0,000000;6,2794;0,000054800
exec;insertion;go;v2;50000;8;2,690000;NA;2,000000;0,470000;0,435980;NA;0,430000;0,000000;6,1700;0,000053800
exec;insertion;go;v2;50000;9;2,720000;NA;2,020000;0,480000;0,439912;NA;0,420000;0,010000;6,1831;0,000054400
exec;insertion;go;v2;50000;10;2,680000;NA;1,990000;0,480000;0,437090;NA;0,430000;0,000000;6,1315;0,000053600
exec;insertion;go;v2;100000;1;11,600000;NA;8,670000;1,940000;1,805643;NA;1,810000;0,000000;6,4243;0,000116000
exec;insertion;go;v2;100000;2;11,540000;NA;8,640000;1,930000;1,805646;NA;1,800000;0,000000;6,3911;0,000115400
exec;insertion;go;v2;100000;3;11,690000;NA;8,760000;1,940000;1,802873;NA;1,790000;0,020000;6,4841;0,000116900
exec;insertion;go;v2;100000;4;11,920000;NA;8,970000;1,950000;1,816279;NA;1,810000;0,000000;6,5629;0,000119200
exec;insertion;go;v2;100000;5;12,140000;NA;9,160000;2,000000;1,829150;NA;1,820000;0,000000;6,6370;0,000121400
exec;insertion;go;v2;100000;6;11,790000;NA;8,850000;1,940000;1,809140;NA;1,810000;0,000000;6,5169;0,000117900
exec;insertion;go;v2;100000;7;11,750000;NA;8,810000;1,940000;1,800941;NA;1,800000;0,000000;6,5244;0,000117500
exec;insertion;go;v2;100000;8;11,760000;NA;8,820000;1,950000;1,806139;NA;1,800000;0,000000;6,5111;0,000117600
exec;insertion;go;v2;100000;9;11,540000;NA;8,650000;1,930000;1,804465;NA;1,800000;0,000000;6,3952;0,000115400
exec;insertion;go;v2;100000;10;11,570000;NA;8,670000;1,930000;1,804792;NA;1,790000;0,010000;6,4107;0,000115700
exec;insertion;rust;v1;10;1;0,020000;NA;0,010000;0,010000;0,002813;NA;0,000000;0,001000;7,1099;0,002000000
exec;insertion;rust;v1;10;2;0,010000;NA;0,010000;0,000000;0,002489;NA;0,001000;0,000000;4,0172;0,001000000
exec;insertion;rust;v1;10;3;0,020000;NA;0,010000;0,000000;0,002607;NA;0,000000;0,001000;7,6730;0,002000000
exec;insertion;rust;v1;10;4;0,020000;NA;0,010000;0,010000;0,002749;NA;0,001000;0,000000;7,2753;0,002000000
exec;insertion;rust;v1;10;5;0,020000;NA;0,010000;0,010000;0,002988;NA;0,001000;0,000000;6,6937;0,002000000
exec;insertion;rust;v1;10;6;0,010000;NA;0,010000;0,000000;0,002639;NA;0,001000;0,000000;3,7898;0,001000000
exec;insertion;rust;v1;10;7;0,020000;NA;0,010000;0,010000;0,002556;NA;0,000000;0,001000;7,8247;0,002000000
exec;insertion;rust;v1;10;8;0,020000;NA;0,010000;0,010000;0,002891;NA;0,001000;0,000000;6,9178;0,002000000
exec;insertion;rust;v1;10;9;0,020000;NA;0,010000;0,010000;0,002789;NA;0,001000;0,000000;7,1719;0,002000000
exec;insertion;rust;v1;10;10;0,020000;NA;0,010000;0,010000;0,002939;NA;0,001000;0,000000;6,8049;0,002000000
exec;insertion;rust;v1;100;1;0,010000;NA;0,010000;0,000000;0,002642;NA;0,001000;0,000000;3,7851;0,000100000
exec;insertion;rust;v1;100;2;0,020000;NA;0,010000;0,010000;0,002634;NA;0,001000;0,000000;7,5918;0,000200000
exec;insertion;rust;v1;100;3;0,020000;NA;0,010000;0,010000;0,002710;NA;0,000000;0,001000;7,3795;0,000200000
exec;insertion;rust;v1;100;4;0,020000;NA;0,010000;0,010000;0,002902;NA;0,001000;0,000000;6,8928;0,000200000
exec;insertion;rust;v1;100;5;0,020000;NA;0,010000;0,010000;0,002667;NA;0,001000;0,000000;7,4991;0,000200000
exec;insertion;rust;v1;100;6;0,020000;NA;0,010000;0,010000;0,002905;NA;0,001000;0,000000;6,8836;0,000200000
exec;insertion;rust;v1;100;7;0,020000;NA;0,010000;0,010000;0,002765;NA;0,000000;0,001000;7,2331;0,000200000
exec;insertion;rust;v1;100;8;0,020000;NA;0,010000;0,010000;0,002808;NA;0,001000;0,000000;7,1225;0,000200000
exec;insertion;rust;v1;100;9;0,020000;NA;0,010000;0,010000;0,002971;NA;0,001000;0,000000;6,7324;0,000200000
exec;insertion;rust;v1;100;10;0,010000;NA;0,010000;0,000000;0,002842;NA;0,001000;0,000000;3,5181;0,000100000
exec;insertion;rust;v1;1000;1;0,020000;NA;0,010000;0,000000;0,002974;NA;0,001000;0,000000;6,7253;0,000020000
exec;insertion;rust;v1;1000;2;0,020000;NA;0,010000;0,000000;0,003005;NA;0,002000;0,000000;6,6548;0,000020000
exec;insertion;rust;v1;1000;3;0,020000;NA;0,010000;0,000000;0,003048;NA;0,001000;0,000000;6,5607;0,000020000
exec;insertion;rust;v1;1000;4;0,020000;NA;0,010000;0,000000;0,003038;NA;0,001000;0,000000;6,5834;0,000020000
exec;insertion;rust;v1;1000;5;0,020000;NA;0,010000;0,000000;0,003298;NA;0,000000;0,001000;6,0644;0,000020000
exec;insertion;rust;v1;1000;6;0,020000;NA;0,010000;0,000000;0,003387;NA;0,002000;0,000000;5,9050;0,000020000
exec;insertion;rust;v1;1000;7;0,020000;NA;0,010000;0,000000;0,003120;NA;0,001000;0,000000;6,4098;0,000020000
exec;insertion;rust;v1;1000;8;0,020000;NA;0,010000;0,000000;0,003215;NA;0,002000;0,000000;6,2202;0,000020000
exec;insertion;rust;v1;1000;9;0,020000;NA;0,010000;0,000000;0,003043;NA;0,000000;0,001000;6,5734;0,000020000
exec;insertion;rust;v1;1000;10;0,020000;NA;0,010000;0,010000;0,003089;NA;0,001000;0,000000;6,4746;0,000020000
exec;insertion;rust;v1;10000;1;0,140000;NA;0,090000;0,030000;0,023640;NA;0,022000;0,000000;5,9222;0,000014000
exec;insertion;rust;v1;10000;2;0,130000;NA;0,090000;0,030000;0,023813;NA;0,022000;0,000000;5,4592;0,000013000
exec;insertion;rust;v1;10000;3;0,130000;NA;0,090000;0,030000;0,024128;NA;0,022000;0,000000;5,3880;0,000013000
exec;insertion;rust;v1;10000;4;0,130000;NA;0,090000;0,030000;0,024082;NA;0,019000;0,004000;5,3983;0,000013000
exec;insertion;rust;v1;10000;5;0,130000;NA;0,090000;0,030000;0,023890;NA;0,022000;0,000000;5,4417;0,000013000
exec;insertion;rust;v1;10000;6;0,130000;NA;0,090000;0,030000;0,024018;NA;0,019000;0,004000;5,4127;0,000013000
exec;insertion;rust;v1;10000;7;0,130000;NA;0,090000;0,030000;0,023777;NA;0,022000;0,000000;5,4676;0,000013000
exec;insertion;rust;v1;10000;8;0,170000;NA;0,130000;0,040000;0,025024;NA;0,023000;0,000000;6,7935;0,000017000
exec;insertion;rust;v1;10000;9;0,140000;NA;0,100000;0,030000;0,024607;NA;0,023000;0,000000;5,6894;0,000014000
exec;insertion;rust;v1;10000;10;0,130000;NA;0,090000;0,030000;0,023861;NA;0,022000;0,000000;5,4483;0,000013000
exec;insertion;rust;v1;50000;1;2,890000;NA;2,070000;0,540000;0,500034;NA;0,498000;0,000000;5,7796;0,000057800
exec;insertion;rust;v1;50000;2;2,870000;NA;2,070000;0,540000;0,501970;NA;0,500000;0,000000;5,7175;0,000057400
exec;insertion;rust;v1;50000;3;2,870000;NA;2,060000;0,540000;0,499971;NA;0,498000;0,000000;5,7403;0,000057400
exec;insertion;rust;v1;50000;4;2,890000;NA;2,070000;0,530000;0,499037;NA;0,497000;0,000000;5,7912;0,000057800
exec;insertion;rust;v1;50000;5;2,960000;NA;2,110000;0,540000;0,501597;NA;0,496000;0,004000;5,9012;0,000059200
exec;insertion;rust;v1;50000;6;2,870000;NA;2,070000;0,530000;0,499401;NA;0,494000;0,004000;5,7469;0,000057400
exec;insertion;rust;v1;50000;7;2,880000;NA;2,080000;0,540000;0,500900;NA;0,491000;0,008000;5,7497;0,000057600
exec;insertion;rust;v1;50000;8;2,890000;NA;2,060000;0,540000;0,500049;NA;0,498000;0,000000;5,7794;0,000057800
exec;insertion;rust;v1;50000;9;2,900000;NA;2,070000;0,540000;0,501124;NA;0,499000;0,000000;5,7870;0,000058000
exec;insertion;rust;v1;50000;10;2,880000;NA;2,080000;0,540000;0,501281;NA;0,500000;0,000000;5,7453;0,000057600
exec;insertion;rust;v1;100000;1;11,570000;NA;8,330000;2,120000;1,980944;NA;1,975000;0,004000;5,8407;0,000115700
exec;insertion;rust;v1;100000;2;11,560000;NA;8,330000;2,110000;1,980236;NA;1,975000;0,004000;5,8377;0,000115600
exec;insertion;rust;v1;100000;3;11,640000;NA;8,390000;2,110000;1,978274;NA;1,977000;0,000000;5,8839;0,000116400
exec;insertion;rust;v1;100000;4;11,770000;NA;8,480000;2,120000;1,979184;NA;1,965000;0,012000;5,9469;0,000117700
exec;insertion;rust;v1;100000;5;11,580000;NA;8,340000;2,110000;1,977991;NA;1,968000;0,008000;5,8544;0,000115800
exec;insertion;rust;v1;100000;6;11,630000;NA;8,370000;2,120000;1,979107;NA;1,973000;0,004000;5,8764;0,000116300
exec;insertion;rust;v1;100000;7;11,730000;NA;8,440000;2,130000;1,984222;NA;1,982000;0,000000;5,9116;0,000117300
exec;insertion;rust;v1;100000;8;11,580000;NA;8,340000;2,120000;1,979300;NA;1,965000;0,012000;5,8506;0,000115800
exec;insertion;rust;v1;100000;9;11,640000;NA;8,380000;2,130000;1,983866;NA;1,982000;0,000000;5,8673;0,000116400
exec;insertion;rust;v1;100000;10;11,750000;NA;8,480000;2,120000;1,979807;NA;1,974000;0,004000;5,9349;0,000117500
exec;insertion;rust;v2;10;1;0,020000;NA;0,010000;0,010000;0,002736;NA;0,001000;0,000000;7,3113;0,002000000
exec;insertion;rust;v2;10;2;0,020000;NA;0,010000;0,000000;0,002503;NA;0,001000;0,000000;7,9896;0,002000000
exec;insertion;rust;v2;10;3;0,010000;NA;0,010000;0,000000;0,002713;NA;0,001000;0,000000;3,6863;0,001000000
exec;insertion;rust;v2;10;4;0,020000;NA;0,010000;0,010000;0,003032;NA;0,001000;0,000000;6,5961;0,002000000
exec;insertion;rust;v2;10;5;0,020000;NA;0,010000;0,010000;0,002810;NA;0,001000;0,000000;7,1174;0,002000000
exec;insertion;rust;v2;10;6;0,020000;NA;0,010000;0,010000;0,002775;NA;0,001000;0,000000;7,2084;0,002000000
exec;insertion;rust;v2;10;7;0,020000;NA;0,020000;0,010000;0,003080;NA;0,000000;0,001000;6,4938;0,002000000
exec;insertion;rust;v2;10;8;0,020000;NA;0,010000;0,010000;0,002682;NA;0,001000;0,000000;7,4583;0,002000000
exec;insertion;rust;v2;10;9;0,020000;NA;0,010000;0,010000;0,002751;NA;0,001000;0,000000;7,2690;0,002000000
exec;insertion;rust;v2;10;10;0,010000;NA;0,010000;0,000000;0,002703;NA;0,001000;0,000000;3,7002;0,001000000
exec;insertion;rust;v2;100;1;0,020000;NA;0,010000;0,000000;0,002752;NA;0,001000;0,000000;7,2678;0,000200000
exec;insertion;rust;v2;100;2;0,010000;NA;0,010000;0,000000;0,002546;NA;0,001000;0,000000;3,9283;0,000100000
exec;insertion;rust;v2;100;3;0,020000;NA;0,010000;0,010000;0,002514;NA;0,001000;0,000000;7,9565;0,000200000
exec;insertion;rust;v2;100;4;0,020000;NA;0,010000;0,010000;0,003001;NA;0,001000;0,000000;6,6643;0,000200000
exec;insertion;rust;v2;100;5;0,020000;NA;0,010000;0,010000;0,002769;NA;0,001000;0,000000;7,2222;0,000200000
exec;insertion;rust;v2;100;6;0,010000;NA;0,010000;0,000000;0,002759;NA;0,001000;0,000000;3,6247;0,000100000
exec;insertion;rust;v2;100;7;0,020000;NA;0,010000;0,010000;0,002893;NA;0,001000;0,000000;6,9121;0,000200000
exec;insertion;rust;v2;100;8;0,020000;NA;0,010000;0,010000;0,002630;NA;0,000000;0,001000;7,6047;0,000200000
exec;insertion;rust;v2;100;9;0,020000;NA;0,010000;0,010000;0,002969;NA;0,001000;0,000000;6,7352;0,000200000
exec;insertion;rust;v2;100;10;0,010000;NA;0,010000;0,000000;0,002916;NA;0,001000;0,000000;3,4289;0,000100000
exec;insertion;rust;v2;1000;1;0,020000;NA;0,010000;0,000000;0,002895;NA;0,001000;0,000000;6,9076;0,000020000
exec;insertion;rust;v2;1000;2;0,010000;NA;0,010000;0,000000;0,002882;NA;0,001000;0,000000;3,4700;0,000010000
exec;insertion;rust;v2;1000;3;0,020000;NA;0,010000;0,010000;0,003072;NA;0,001000;0,000000;6,5098;0,000020000
exec;insertion;rust;v2;1000;4;0,020000;NA;0,010000;0,010000;0,003124;NA;0,001000;0,000000;6,4020;0,000020000
exec;insertion;rust;v2;1000;5;0,020000;NA;0,010000;0,010000;0,003087;NA;0,001000;0,000000;6,4787;0,000020000
exec;insertion;rust;v2;1000;6;0,020000;NA;0,010000;0,010000;0,003229;NA;0,001000;0,000000;6,1932;0,000020000
exec;insertion;rust;v2;1000;7;0,020000;NA;0,010000;0,010000;0,003268;NA;0,001000;0,000000;6,1196;0,000020000
exec;insertion;rust;v2;1000;8;0,020000;NA;0,020000;0,010000;0,003166;NA;0,001000;0,000000;6,3166;0,000020000
exec;insertion;rust;v2;1000;9;0,020000;NA;0,010000;0,010000;0,002988;NA;0,001000;0,000000;6,6941;0,000020000
exec;insertion;rust;v2;1000;10;0,020000;NA;0,010000;0,010000;0,003324;NA;0,002000;0,000000;6,0164;0,000020000
exec;insertion;rust;v2;10000;1;0,080000;NA;0,060000;0,020000;0,015427;NA;0,014000;0,000000;5,1857;0,000008000
exec;insertion;rust;v2;10000;2;0,090000;NA;0,060000;0,020000;0,015711;NA;0,014000;0,000000;5,7283;0,000009000
exec;insertion;rust;v2;10000;3;0,090000;NA;0,060000;0,020000;0,015624;NA;0,014000;0,000000;5,7602;0,000009000
exec;insertion;rust;v2;10000;4;0,090000;NA;0,060000;0,020000;0,015819;NA;0,013000;0,000000;5,6894;0,000009000
exec;insertion;rust;v2;10000;5;0,090000;NA;0,060000;0,020000;0,015634;NA;0,014000;0,000000;5,7568;0,000009000
exec;insertion;rust;v2;10000;6;0,090000;NA;0,060000;0,020000;0,015689;NA;0,014000;0,000000;5,7365;0,000009000
exec;insertion;rust;v2;10000;7;0,090000;NA;0,070000;0,020000;0,015616;NA;0,014000;0,000000;5,7631;0,000009000
exec;insertion;rust;v2;10000;8;0,090000;NA;0,060000;0,020000;0,015596;NA;0,010000;0,003000;5,7707;0,000009000
exec;insertion;rust;v2;10000;9;0,090000;NA;0,060000;0,020000;0,015608;NA;0,014000;0,000000;5,7663;0,000009000
exec;insertion;rust;v2;10000;10;0,090000;NA;0,070000;0,020000;0,015773;NA;0,011000;0,003000;5,7058;0,000009000
exec;insertion;rust;v2;50000;1;1,830000;NA;1,330000;0,330000;0,306231;NA;0,300000;0,004000;5,9759;0,000036600
exec;insertion;rust;v2;50000;2;1,780000;NA;1,310000;0,330000;0,306601;NA;0,297000;0,008000;5,8056;0,000035600
exec;insertion;rust;v2;50000;3;1,810000;NA;1,330000;0,330000;0,306667;NA;0,297000;0,008000;5,9022;0,000036200
exec;insertion;rust;v2;50000;4;1,850000;NA;1,350000;0,340000;0,307017;NA;0,301000;0,004000;6,0257;0,000037000
exec;insertion;rust;v2;50000;5;1,800000;NA;1,320000;0,330000;0,309106;NA;0,305000;0,000000;5,8232;0,000036000
exec;insertion;rust;v2;50000;6;1,790000;NA;1,310000;0,330000;0,306139;NA;0,296000;0,008000;5,8470;0,000035800
exec;insertion;rust;v2;50000;7;1,810000;NA;1,330000;0,340000;0,306052;NA;0,300000;0,004000;5,9140;0,000036200
exec;insertion;rust;v2;50000;8;1,780000;NA;1,310000;0,330000;0,305880;NA;0,300000;0,004000;5,8193;0,000035600
exec;insertion;rust;v2;50000;9;1,820000;NA;1,310000;0,330000;0,306716;NA;0,293000;0,012000;5,9338;0,000036400
exec;insertion;rust;v2;50000;10;1,840000;NA;1,330000;0,330000;0,306441;NA;0,301000;0,004000;6,0044;0,000036800
exec;insertion;rust;v2;100000;1;7,480000;NA;5,490000;1,330000;1,236612;NA;1,223000;0,012000;6,0488;0,000074800
exec;insertion;rust;v2;100000;2;7,450000;NA;5,500000;1,340000;1,248544;NA;1,239000;0,008000;5,9670;0,000074500
exec;insertion;rust;v2;100000;3;7,440000;NA;5,450000;1,320000;1,236326;NA;1,223000;0,012000;6,0178;0,000074400
exec;insertion;rust;v2;100000;4;7,370000;NA;5,450000;1,330000;1,240362;NA;1,234000;0,004000;5,9418;0,000073700
exec;insertion;rust;v2;100000;5;7,460000;NA;5,460000;1,350000;1,246329;NA;1,237000;0,008000;5,9856;0,000074600
exec;insertion;rust;v2;100000;6;7,450000;NA;5,460000;1,340000;1,243566;NA;1,230000;0,012000;5,9908;0,000074500
exec;insertion;rust;v2;100000;7;7,360000;NA;5,400000;1,330000;1,242916;NA;1,237000;0,004000;5,9216;0,000073600
exec;insertion;rust;v2;100000;8;7,450000;NA;5,440000;1,330000;1,239683;NA;1,230000;0,008000;6,0096;0,000074500
exec;insertion;rust;v2;100000;9;7,340000;NA;5,380000;1,330000;1,241965;NA;1,236000;0,004000;5,9100;0,000073400
exec;insertion;rust;v2;100000;10;7,480000;NA;5,510000;1,340000;1,248661;NA;1,247000;0,000000;5,9904;0,000074800
exec;selection;go;v1;10;1;0,020000;NA;0,010000;0,010000;0,002597;NA;0,000000;0,000000;7,7018;0,002000000
exec;selection;go;v1;10;2;0,020000;NA;0,010000;0,010000;0,003050;NA;0,000000;0,000000;6,5577;0,002000000
exec;selection;go;v1;10;3;0,020000;NA;0,010000;0,010000;0,003157;NA;0,000000;0,000000;6,3361;0,002000000
exec;selection;go;v1;10;4;0,020000;NA;0,010000;0,010000;0,003137;NA;0,000000;0,000000;6,3754;0,002000000
exec;selection;go;v1;10;5;0,020000;NA;0,010000;0,010000;0,003025;NA;0,000000;0,000000;6,6113;0,002000000
exec;selection;go;v1;10;6;0,020000;NA;0,010000;0,010000;0,002682;NA;0,000000;0,000000;7,4581;0,002000000
exec;selection;go;v1;10;7;0,020000;NA;0,020000;0,010000;0,003179;NA;0,000000;0,000000;6,2908;0,002000000
exec;selection;go;v1;10;8;0,020000;NA;0,010000;0,010000;0,003116;NA;0,000000;0,000000;6,4178;0,002000000
exec;selection;go;v1;10;9;0,030000;NA;0,020000;0,010000;0,003532;NA;0,000000;0,000000;8,4939;0,003000000
exec;selection;go;v1;10;10;0,020000;NA;0,010000;0,010000;0,003186;NA;0,000000;0,000000;6,2767;0,002000000
exec;selection;go;v1;100;1;0,020000;NA;0,010000;0,010000;0,002852;NA;0,000000;0,000000;7,0123;0,000200000
exec;selection;go;v1;100;2;0,020000;NA;0,010000;0,010000;0,003087;NA;0,000000;0,000000;6,4780;0,000200000
exec;selection;go;v1;100;3;0,020000;NA;0,010000;0,010000;0,003034;NA;0,000000;0,000000;6,5909;0,000200000
exec;selection;go;v1;100;4;0,020000;NA;0,010000;0,010000;0,002761;NA;0,000000;0,000000;7,2443;0,000200000
exec;selection;go;v1;100;5;0,020000;NA;0,010000;0,010000;0,002946;NA;0,000000;0,000000;6,7900;0,000200000
exec;selection;go;v1;100;6;0,020000;NA;0,010000;0,010000;0,002913;NA;0,000000;0,000000;6,8669;0,000200000
exec;selection;go;v1;100;7;0,020000;NA;0,010000;0,010000;0,002831;NA;0,000000;0,000000;7,0637;0,000200000
exec;selection;go;v1;100;8;0,020000;NA;0,010000;0,010000;0,002842;NA;0,000000;0,000000;7,0370;0,000200000
exec;selection;go;v1;100;9;0,020000;NA;0,010000;0,010000;0,002927;NA;0,000000;0,000000;6,8340;0,000200000
exec;selection;go;v1;100;10;0,020000;NA;0,010000;0,010000;0,002747;NA;0,000000;0,000000;7,2815;0,000200000
exec;selection;go;v1;1000;1;0,020000;NA;0,010000;0,010000;0,003056;NA;0,000000;0,000000;6,5444;0,000020000
exec;selection;go;v1;1000;2;0,020000;NA;0,010000;0,010000;0,003768;NA;0,000000;0,000000;5,3083;0,000020000
exec;selection;go;v1;1000;3;0,020000;NA;0,010000;0,010000;0,003185;NA;0,000000;0,000000;6,2786;0,000020000
exec;selection;go;v1;1000;4;0,020000;NA;0,010000;0,010000;0,002980;NA;0,000000;0,000000;6,7121;0,000020000
exec;selection;go;v1;1000;5;0,020000;NA;0,010000;0,010000;0,003858;NA;0,000000;0,000000;5,1839;0,000020000
exec;selection;go;v1;1000;6;0,020000;NA;0,010000;0,010000;0,003213;NA;0,000000;0,000000;6,2248;0,000020000
exec;selection;go;v1;1000;7;0,030000;NA;0,020000;0,010000;0,003199;NA;0,000000;0,000000;9,3773;0,000030000
exec;selection;go;v1;1000;8;0,020000;NA;0,010000;0,010000;0,003549;NA;0,000000;0,000000;5,6353;0,000020000
exec;selection;go;v1;1000;9;0,020000;NA;0,010000;0,010000;0,003506;NA;0,000000;0,000000;5,7044;0,000020000
exec;selection;go;v1;1000;10;0,020000;NA;0,010000;0,010000;0,003166;NA;0,000000;0,000000;6,3162;0,000020000
exec;selection;go;v1;10000;1;0,040000;NA;0,030000;0,010000;0,007192;NA;0,000000;0,000000;5,5615;0,000004000
exec;selection;go;v1;10000;2;0,040000;NA;0,030000;0,010000;0,006904;NA;0,000000;0,000000;5,7937;0,000004000
exec;selection;go;v1;10000;3;0,050000;NA;0,030000;0,010000;0,007242;NA;0,000000;0,000000;6,9039;0,000005000
exec;selection;go;v1;10000;4;0,040000;NA;0,030000;0,010000;0,007138;NA;0,000000;0,000000;5,6038;0,000004000
exec;selection;go;v1;10000;5;0,050000;NA;0,030000;0,010000;0,007010;NA;0,000000;0,000000;7,1327;0,000005000
exec;selection;go;v1;10000;6;0,040000;NA;0,030000;0,010000;0,006920;NA;0,000000;0,000000;5,7800;0,000004000
exec;selection;go;v1;10000;7;0,040000;NA;0,030000;0,010000;0,006977;NA;0,000000;0,000000;5,7329;0,000004000
exec;selection;go;v1;10000;8;0,040000;NA;0,030000;0,010000;0,006888;NA;0,000000;0,000000;5,8070;0,000004000
exec;selection;go;v1;10000;9;0,040000;NA;0,030000;0,010000;0,006917;NA;0,000000;0,000000;5,7830;0,000004000
exec;selection;go;v1;10000;10;0,050000;NA;0,030000;0,010000;0,007140;NA;0,000000;0,000000;7,0029;0,000005000
exec;selection;go;v1;50000;1;0,170000;NA;0,120000;0,030000;0,025329;NA;0,020000;0,000000;6,7117;0,000003400
exec;selection;go;v1;50000;2;0,160000;NA;0,120000;0,030000;0,025248;NA;0,020000;0,000000;6,3370;0,000003200
exec;selection;go;v1;50000;3;0,170000;NA;0,120000;0,030000;0,025564;NA;0,020000;0,000000;6,6501;0,000003400
exec;selection;go;v1;50000;4;0,170000;NA;0,120000;0,030000;0,025195;NA;0,020000;0,000000;6,7475;0,000003400
exec;selection;go;v1;50000;5;0,160000;NA;0,120000;0,030000;0,025085;NA;0,020000;0,000000;6,3784;0,000003200
exec;selection;go;v1;50000;6;0,160000;NA;0,120000;0,030000;0,025263;NA;0,020000;0,000000;6,3334;0,000003200
exec;selection;go;v1;50000;7;0,160000;NA;0,120000;0,030000;0,025163;NA;0,010000;0,000000;6,3585;0,000003200
exec;selection;go;v1;50000;8;0,160000;NA;0,120000;0,030000;0,025225;NA;0,020000;0,000000;6,3429;0,000003200
exec;selection;go;v1;50000;9;0,160000;NA;0,120000;0,030000;0,025467;NA;0,020000;0,000000;6,2826;0,000003200
exec;selection;go;v1;50000;10;0,170000;NA;0,120000;0,030000;0,024715;NA;0,020000;0,000000;6,8784;0,000003400
exec;selection;go;v1;100000;1;0,330000;NA;0,240000;0,060000;0,048695;NA;0,040000;0,000000;6,7768;0,000003300
exec;selection;go;v1;100000;2;0,320000;NA;0,240000;0,060000;0,048096;NA;0,040000;0,000000;6,6534;0,000003200
exec;selection;go;v1;100000;3;0,350000;NA;0,260000;0,070000;0,049683;NA;0,040000;0,000000;7,0447;0,000003500
exec;selection;go;v1;100000;4;0,330000;NA;0,240000;0,060000;0,048259;NA;0,040000;0,000000;6,8381;0,000003300
exec;selection;go;v1;100000;5;0,370000;NA;0,270000;0,080000;0,053901;NA;0,050000;0,000000;6,8644;0,000003700
exec;selection;go;v1;100000;6;0,320000;NA;0,240000;0,060000;0,047813;NA;0,040000;0,000000;6,6927;0,000003200
exec;selection;go;v1;100000;7;0,330000;NA;0,250000;0,060000;0,049721;NA;0,050000;0,000000;6,6370;0,000003300
exec;selection;go;v1;100000;8;0,320000;NA;0,240000;0,060000;0,048423;NA;0,040000;0,000000;6,6084;0,000003200
exec;selection;go;v1;100000;9;0,340000;NA;0,260000;0,070000;0,050286;NA;0,040000;0,010000;6,7613;0,000003400
exec;selection;go;v1;100000;10;0,370000;NA;0,280000;0,070000;0,050761;NA;0,050000;0,000000;7,2891;0,000003700
exec;selection;go;v2;10;1;0,020000;NA;0,010000;0,010000;0,002635;NA;0,000000;0,000000;7,5899;0,002000000
exec;selection;go;v2;10;2;0,020000;NA;0,010000;0,010000;0,003153;NA;0,000000;0,000000;6,3441;0,002000000
exec;selection;go;v2;10;3;0,020000;NA;0,010000;0,010000;0,002620;NA;0,000000;0,000000;7,6323;0,002000000
exec;selection;go;v2;10;4;0,020000;NA;0,010000;0,010000;0,002920;NA;0,000000;0,000000;6,8492;0,002000000
exec;selection;go;v2;10;5;0,020000;NA;0,010000;0,010000;0,002944;NA;0,000000;0,000000;6,7924;0,002000000
exec;selection;go;v2;10;6;0,020000;NA;0,010000;0,010000;0,002914;NA;0,000000;0,000000;6,8631;0,002000000
exec;selection;go;v2;10;7;0,020000;NA;0,010000;0,010000;0,002897;NA;0,000000;0,000000;6,9027;0,002000000
exec;selection;go;v2;10;8;0,020000;NA;0,010000;0,010000;0,002568;NA;0,000000;0,000000;7,7888;0,002000000
exec;selection;go;v2;10;9;0,020000;NA;0,010000;0,010000;0,003229;NA;0,000000;0,000000;6,1948;0,002000000
exec;selection;go;v2;10;10;0,020000;NA;0,010000;0,010000;0,002689;NA;0,000000;0,000000;7,4364;0,002000000
exec;selection;go;v2;100;1;0,020000;NA;0,010000;0,010000;0,002869;NA;0,000000;0,000000;6,9719;0,000200000
exec;selection;go;v2;100;2;0,010000;NA;0,010000;0,000000;0,002564;NA;0,000000;0,000000;3,9003;0,000100000
exec;selection;go;v2;100;3;0,020000;NA;0,010000;0,010000;0,002679;NA;0,000000;0,000000;7,4647;0,000200000
exec;selection;go;v2;100;4;0,020000;NA;0,010000;0,010000;0,002959;NA;0,000000;0,000000;6,7579;0,000200000
exec;selection;go;v2;100;5;0,020000;NA;0,010000;0,010000;0,002916;NA;0,000000;0,000000;6,8594;0,000200000
exec;selection;go;v2;100;6;0,020000;NA;0,010000;0,010000;0,003209;NA;0,000000;0,000000;6,2319;0,000200000
exec;selection;go;v2;100;7;0,020000;NA;0,010000;0,010000;0,002775;NA;0,000000;0,000000;7,2063;0,000200000
exec;selection;go;v2;100;8;0,020000;NA;0,020000;0,010000;0,002691;NA;0,000000;0,000000;7,4316;0,000200000
exec;selection;go;v2;100;9;0,010000;NA;0,010000;0,000000;0,002690;NA;0,000000;0,000000;3,7180;0,000100000
exec;selection;go;v2;100;10;0,020000;NA;0,010000;0,010000;0,002959;NA;0,000000;0,000000;6,7592;0,000200000
exec;selection;go;v2;1000;1;0,020000;NA;0,010000;0,010000;0,003813;NA;0,000000;0,000000;5,2457;0,000020000
exec;selection;go;v2;1000;2;0,020000;NA;0,020000;0,010000;0,003996;NA;0,000000;0,000000;5,0056;0,000020000
exec;selection;go;v2;1000;3;0,030000;NA;0,020000;0,010000;0,004073;NA;0,000000;0,000000;7,3658;0,000030000
exec;selection;go;v2;1000;4;0,020000;NA;0,020000;0,010000;0,003397;NA;0,000000;0,000000;5,8880;0,000020000
exec;selection;go;v2;1000;5;0,030000;NA;0,020000;0,010000;0,004261;NA;0,000000;0,000000;7,0413;0,000030000
exec;selection;go;v2;1000;6;0,020000;NA;0,010000;0,010000;0,003491;NA;0,000000;0,000000;5,7294;0,000020000
exec;selection;go;v2;1000;7;0,030000;NA;0,020000;0,010000;0,003995;NA;0,000000;0,000000;7,5094;0,000030000
exec;selection;go;v2;1000;8;0,020000;NA;0,020000;0,010000;0,004365;NA;0,000000;0,000000;4,5820;0,000020000
exec;selection;go;v2;1000;9;0,030000;NA;0,020000;0,010000;0,003484;NA;0,000000;0,000000;8,6106;0,000030000
exec;selection;go;v2;1000;10;0,020000;NA;0,010000;0,010000;0,003500;NA;0,000000;0,000000;5,7135;0,000020000
exec;selection;go;v2;10000;1;0,350000;NA;0,250000;0,070000;0,058712;NA;0,050000;0,000000;5,9613;0,000035000
exec;selection;go;v2;10000;2;0,350000;NA;0,250000;0,070000;0,058039;NA;0,050000;0,000000;6,0304;0,000035000
exec;selection;go;v2;10000;3;0,350000;NA;0,250000;0,070000;0,057857;NA;0,050000;0,000000;6,0494;0,000035000
exec;selection;go;v2;10000;4;0,350000;NA;0,240000;0,070000;0,058384;NA;0,050000;0,000000;5,9948;0,000035000
exec;selection;go;v2;10000;5;0,350000;NA;0,240000;0,070000;0,057869;NA;0,050000;0,000000;6,0481;0,000035000
exec;selection;go;v2;10000;6;0,350000;NA;0,240000;0,070000;0,059038;NA;0,050000;0,000000;5,9284;0,000035000
exec;selection;go;v2;10000;7;0,350000;NA;0,250000;0,070000;0,058558;NA;0,050000;0,000000;5,9769;0,000035000
exec;selection;go;v2;10000;8;0,350000;NA;0,250000;0,070000;0,058873;NA;0,050000;0,000000;5,9450;0,000035000
exec;selection;go;v2;10000;9;0,330000;NA;0,240000;0,070000;0,057792;NA;0,050000;0,000000;5,7101;0,000033000
exec;selection;go;v2;10000;10;0,340000;NA;0,240000;0,070000;0,057944;NA;0,050000;0,000000;5,8677;0,000034000
exec;selection;go;v2;50000;1;8,630000;NA;6,290000;1,540000;1,440153;NA;1,430000;0,010000;5,9924;0,000172600
exec;selection;go;v2;50000;2;8,630000;NA;6,290000;1,540000;1,434935;NA;1,450000;0,000000;6,0142;0,000172600
exec;selection;go;v2;50000;3;8,650000;NA;6,280000;1,540000;1,436823;NA;1,440000;0,000000;6,0202;0,000173000
exec;selection;go;v2;50000;4;8,680000;NA;6,310000;1,550000;1,438931;NA;1,440000;0,000000;6,0323;0,000173600
exec;selection;go;v2;50000;5;8,620000;NA;6,300000;1,540000;1,436541;NA;1,440000;0,000000;6,0005;0,000172400
exec;selection;go;v2;50000;6;8,640000;NA;6,280000;1,540000;1,435773;NA;1,440000;0,000000;6,0177;0,000172800
exec;selection;go;v2;50000;7;8,720000;NA;6,340000;1,530000;1,435472;NA;1,450000;0,000000;6,0747;0,000174400
exec;selection;go;v2;50000;8;8,700000;NA;6,330000;1,540000;1,437412;NA;1,440000;0,000000;6,0525;0,000174000
exec;selection;go;v2;50000;9;8,670000;NA;6,310000;1,550000;1,439564;NA;1,450000;0,000000;6,0227;0,000173400
exec;selection;go;v2;50000;10;8,700000;NA;6,330000;1,550000;1,437449;NA;1,450000;0,000000;6,0524;0,000174000
exec;selection;go;v2;100000;1;36,160000;NA;26,430000;6,310000;5,917489;NA;5,900000;0,030000;6,1107;0,000361600
exec;selection;go;v2;100000;2;36,400000;NA;26,650000;6,330000;5,918007;NA;5,930000;0,010000;6,1507;0,000364000
exec;selection;go;v2;100000;3;36,490000;NA;26,720000;6,320000;5,911652;NA;5,920000;0,000000;6,1726;0,000364900
exec;selection;go;v2;100000;4;36,200000;NA;26,470000;6,320000;5,917157;NA;5,930000;0,000000;6,1178;0,000362000
exec;selection;go;v2;100000;5;36,260000;NA;26,530000;6,330000;5,917289;NA;5,930000;0,000000;6,1278;0,000362600
exec;selection;go;v2;100000;6;36,530000;NA;26,720000;6,340000;5,930792;NA;5,940000;0,020000;6,1594;0,000365300
exec;selection;go;v2;100000;7;36,580000;NA;26,750000;6,330000;5,925688;NA;5,910000;0,040000;6,1731;0,000365800
exec;selection;go;v2;100000;8;36,400000;NA;26,630000;6,330000;5,926526;NA;5,940000;0,010000;6,1419;0,000364000
exec;selection;go;v2;100000;9;36,340000;NA;26,570000;6,320000;5,919827;NA;5,930000;0,000000;6,1387;0,000363400
exec;selection;go;v2;100000;10;36,380000;NA;26,620000;6,320000;5,921404;NA;5,920000;0,020000;6,1438;0,000363800
exec;selection;rust;v1;10;1;0,020000;NA;0,010000;0,010000;0,002633;NA;0,001000;0,000000;7,5973;0,002000000
exec;selection;rust;v1;10;2;0,020000;NA;0,010000;0,010000;0,002716;NA;0,001000;0,000000;7,3628;0,002000000
exec;selection;rust;v1;10;3;0,020000;NA;0,010000;0,000000;0,002736;NA;0,001000;0,000000;7,3108;0,002000000
exec;selection;rust;v1;10;4;0,020000;NA;0,010000;0,010000;0,002809;NA;0,001000;0,000000;7,1204;0,002000000
exec;selection;rust;v1;10;5;0,020000;NA;0,010000;0,010000;0,002833;NA;0,001000;0,000000;7,0603;0,002000000
exec;selection;rust;v1;10;6;0,020000;NA;0,010000;0,010000;0,002915;NA;0,001000;0,000000;6,8619;0,002000000
exec;selection;rust;v1;10;7;0,010000;NA;0,010000;0,000000;0,002903;NA;0,001000;0,000000;3,4452;0,001000000
exec;selection;rust;v1;10;8;0,010000;NA;0,010000;0,000000;0,002801;NA;0,001000;0,000000;3,5700;0,001000000
exec;selection;rust;v1;10;9;0,020000;NA;0,010000;0,010000;0,002924;NA;0,000000;0,001000;6,8389;0,002000000
exec;selection;rust;v1;10;10;0,020000;NA;0,010000;0,010000;0,002882;NA;0,001000;0,000000;6,9401;0,002000000
exec;selection;rust;v1;100;1;0,010000;NA;0,010000;0,000000;0,002751;NA;0,001000;0,000000;3,6355;0,000100000
exec;selection;rust;v1;100;2;0,020000;NA;0,010000;0,000000;0,002697;NA;0,001000;0,000000;7,4147;0,000200000
exec;selection;rust;v1;100;3;0,020000;NA;0,010000;0,000000;0,002757;NA;0,001000;0,000000;7,2539;0,000200000
exec;selection;rust;v1;100;4;0,020000;NA;0,010000;0,010000;0,002883;NA;0,000000;0,001000;6,9382;0,000200000
exec;selection;rust;v1;100;5;0,020000;NA;0,010000;0,010000;0,002782;NA;0,001000;0,000000;7,1878;0,000200000
exec;selection;rust;v1;100;6;0,010000;NA;0,010000;0,000000;0,002731;NA;0,001000;0,000000;3,6615;0,000100000
exec;selection;rust;v1;100;7;0,010000;NA;0,010000;0,000000;0,002855;NA;0,001000;0,000000;3,5022;0,000100000
exec;selection;rust;v1;100;8;0,010000;NA;0,010000;0,000000;0,002736;NA;0,000000;0,001000;3,6546;0,000100000
exec;selection;rust;v1;100;9;0,020000;NA;0,010000;0,010000;0,002823;NA;0,001000;0,000000;7,0851;0,000200000
exec;selection;rust;v1;100;10;0,020000;NA;0,010000;0,010000;0,002845;NA;0,001000;0,000000;7,0308;0,000200000
exec;selection;rust;v1;1000;1;0,020000;NA;0,010000;0,010000;0,003653;NA;0,002000;0,000000;5,4744;0,000020000
exec;selection;rust;v1;1000;2;0,020000;NA;0,010000;0,000000;0,003137;NA;0,000000;0,002000;6,3759;0,000020000
exec;selection;rust;v1;1000;3;0,020000;NA;0,010000;0,000000;0,003302;NA;0,002000;0,000000;6,0563;0,000020000
exec;selection;rust;v1;1000;4;0,020000;NA;0,020000;0,010000;0,003897;NA;0,002000;0,000000;5,1317;0,000020000
exec;selection;rust;v1;1000;5;0,020000;NA;0,010000;0,010000;0,003925;NA;0,002000;0,000000;5,0960;0,000020000
exec;selection;rust;v1;1000;6;0,020000;NA;0,010000;0,000000;0,003515;NA;0,002000;0,000000;5,6903;0,000020000
exec;selection;rust;v1;1000;7;0,020000;NA;0,020000;0,010000;0,003460;NA;0,000000;0,002000;5,7802;0,000020000
exec;selection;rust;v1;1000;8;0,020000;NA;0,010000;0,010000;0,003487;NA;0,002000;0,000000;5,7358;0,000020000
exec;selection;rust;v1;1000;9;0,020000;NA;0,010000;0,000000;0,003702;NA;0,002000;0,000000;5,4021;0,000020000
exec;selection;rust;v1;1000;10;0,020000;NA;0,020000;0,010000;0,003649;NA;0,000000;0,002000;5,4810;0,000020000
exec;selection;rust;v1;10000;1;0,300000;NA;0,210000;0,060000;0,054588;NA;0,053000;0,000000;5,4957;0,000030000
exec;selection;rust;v1;10000;2;0,310000;NA;0,220000;0,060000;0,054994;NA;0,053000;0,000000;5,6370;0,000031000
exec;selection;rust;v1;10000;3;0,300000;NA;0,210000;0,060000;0,054373;NA;0,053000;0,000000;5,5175;0,000030000
exec;selection;rust;v1;10000;4;0,320000;NA;0,230000;0,060000;0,055318;NA;0,053000;0,000000;5,7848;0,000032000
exec;selection;rust;v1;10000;5;0,310000;NA;0,220000;0,060000;0,054236;NA;0,053000;0,000000;5,7157;0,000031000
exec;selection;rust;v1;10000;6;0,320000;NA;0,220000;0,060000;0,054656;NA;0,049000;0,004000;5,8548;0,000032000
exec;selection;rust;v1;10000;7;0,310000;NA;0,220000;0,060000;0,054370;NA;0,052000;0,000000;5,7016;0,000031000
exec;selection;rust;v1;10000;8;0,310000;NA;0,220000;0,060000;0,054645;NA;0,053000;0,000000;5,6729;0,000031000
exec;selection;rust;v1;10000;9;0,310000;NA;0,220000;0,060000;0,054745;NA;0,053000;0,000000;5,6626;0,000031000
exec;selection;rust;v1;10000;10;0,320000;NA;0,220000;0,060000;0,054507;NA;0,053000;0,000000;5,8708;0,000032000
exec;selection;rust;v1;50000;1;7,110000;NA;5,040000;1,340000;1,255686;NA;1,254000;0,000000;5,6622;0,000142200
exec;selection;rust;v1;50000;2;7,060000;NA;5,030000;1,340000;1,255108;NA;1,253000;0,000000;5,6250;0,000141200
exec;selection;rust;v1;50000;3;7,100000;NA;5,030000;1,340000;1,254896;NA;1,245000;0,008000;5,6578;0,000142000
exec;selection;rust;v1;50000;4;7,110000;NA;5,060000;1,340000;1,254733;NA;1,252000;0,000000;5,6665;0,000142200
exec;selection;rust;v1;50000;5;7,260000;NA;5,160000;1,340000;1,255486;NA;1,254000;0,000000;5,7826;0,000145200
exec;selection;rust;v1;50000;6;7,150000;NA;5,070000;1,340000;1,255345;NA;1,245000;0,008000;5,6956;0,000143000
exec;selection;rust;v1;50000;7;7,120000;NA;5,090000;1,340000;1,255529;NA;1,246000;0,008000;5,6709;0,000142400
exec;selection;rust;v1;50000;8;7,270000;NA;5,150000;1,350000;1,257634;NA;1,244000;0,012000;5,7807;0,000145400
exec;selection;rust;v1;50000;9;7,200000;NA;5,100000;1,350000;1,258298;NA;1,256000;0,000000;5,7220;0,000144000
exec;selection;rust;v1;50000;10;7,160000;NA;5,120000;1,340000;1,255100;NA;1,249000;0,004000;5,7047;0,000143200
exec;selection;rust;v1;100000;1;28,600000;NA;20,350000;5,350000;5,018323;NA;5,000000;0,016000;5,6991;0,000286000
exec;selection;rust;v1;100000;2;29,240000;NA;20,920000;5,410000;5,027492;NA;5,021000;0,004000;5,8160;0,000292400
exec;selection;rust;v1;100000;3;28,890000;NA;20,560000;5,330000;4,995278;NA;4,989000;0,004000;5,7835;0,000288900
exec;selection;rust;v1;100000;4;28,800000;NA;20,480000;5,350000;5,001646;NA;4,991000;0,008000;5,7581;0,000288000
exec;selection;rust;v1;100000;5;28,590000;NA;20,370000;5,330000;4,997650;NA;4,991000;0,004000;5,7207;0,000285900
exec;selection;rust;v1;100000;6;28,900000;NA;20,570000;5,340000;4,995697;NA;4,982000;0,012000;5,7850;0,000289000
exec;selection;rust;v1;100000;7;28,420000;NA;20,200000;5,350000;4,997904;NA;4,996000;0,000000;5,6864;0,000284200
exec;selection;rust;v1;100000;8;28,800000;NA;20,490000;5,330000;4,994287;NA;4,989000;0,000000;5,7666;0,000288000
exec;selection;rust;v1;100000;9;28,840000;NA;20,550000;5,330000;4,991764;NA;4,989000;0,000000;5,7775;0,000288400
exec;selection;rust;v1;100000;10;28,510000;NA;20,250000;5,340000;5,003917;NA;4,998000;0,004000;5,6975;0,000285100
exec;selection;rust;v2;10;1;0,020000;NA;0,010000;0,000000;0,002715;NA;0,001000;0,000000;7,3652;0,002000000
exec;selection;rust;v2;10;2;0,010000;NA;0,010000;0,000000;0,002695;NA;0,001000;0,000000;3,7112;0,001000000
exec;selection;rust;v2;10;3;0,010000;NA;0,010000;0,000000;0,002752;NA;0,001000;0,000000;3,6336;0,001000000
exec;selection;rust;v2;10;4;0,020000;NA;0,010000;0,010000;0,002761;NA;0,001000;0,000000;7,2435;0,002000000
exec;selection;rust;v2;10;5;0,020000;NA;0,010000;0,010000;0,002584;NA;0,001000;0,000000;7,7402;0,002000000
exec;selection;rust;v2;10;6;0,020000;NA;0,010000;0,010000;0,002791;NA;0,001000;0,000000;7,1670;0,002000000
exec;selection;rust;v2;10;7;0,020000;NA;0,010000;0,000000;0,002912;NA;0,000000;0,001000;6,8681;0,002000000
exec;selection;rust;v2;10;8;0,020000;NA;0,010000;0,010000;0,002819;NA;0,000000;0,001000;7,0936;0,002000000
exec;selection;rust;v2;10;9;0,020000;NA;0,010000;0,010000;0,002798;NA;0,001000;0,000000;7,1490;0,002000000
exec;selection;rust;v2;10;10;0,020000;NA;0,010000;0,000000;0,002885;NA;0,001000;0,000000;6,9334;0,002000000
exec;selection;rust;v2;100;1;0,020000;NA;0,010000;0,000000;0,002682;NA;0,001000;0,000000;7,4564;0,000200000
exec;selection;rust;v2;100;2;0,010000;NA;0,010000;0,000000;0,002532;NA;0,001000;0,000000;3,9494;0,000100000
exec;selection;rust;v2;100;3;0,020000;NA;0,010000;0,010000;0,002733;NA;0,001000;0,000000;7,3178;0,000200000
exec;selection;rust;v2;100;4;0,020000;NA;0,010000;0,010000;0,002872;NA;0,001000;0,000000;6,9642;0,000200000
exec;selection;rust;v2;100;5;0,020000;NA;0,010000;0,010000;0,002904;NA;0,000000;0,001000;6,8864;0,000200000
exec;selection;rust;v2;100;6;0,020000;NA;0,010000;0,010000;0,002921;NA;0,001000;0,000000;6,8477;0,000200000
exec;selection;rust;v2;100;7;0,020000;NA;0,010000;0,010000;0,002917;NA;0,001000;0,000000;6,8567;0,000200000
exec;selection;rust;v2;100;8;0,020000;NA;0,010000;0,010000;0,002903;NA;0,001000;0,000000;6,8899;0,000200000
exec;selection;rust;v2;100;9;0,010000;NA;0,010000;0,000000;0,002788;NA;0,001000;0,000000;3,5867;0,000100000
exec;selection;rust;v2;100;10;0,020000;NA;0,010000;0,010000;0,002838;NA;0,001000;0,000000;7,0463;0,000200000
exec;selection;rust;v2;1000;1;0,020000;NA;0,010000;0,000000;0,002916;NA;0,001000;0,000000;6,8595;0,000020000
exec;selection;rust;v2;1000;2;0,020000;NA;0,010000;0,000000;0,002773;NA;0,001000;0,000000;7,2120;0,000020000
exec;selection;rust;v2;1000;3;0,010000;NA;0,010000;0,000000;0,002742;NA;0,001000;0,000000;3,6473;0,000010000
exec;selection;rust;v2;1000;4;0,020000;NA;0,010000;0,000000;0,003050;NA;0,001000;0,000000;6,5584;0,000020000
exec;selection;rust;v2;1000;5;0,020000;NA;0,010000;0,010000;0,002910;NA;0,001000;0,000000;6,8723;0,000020000
exec;selection;rust;v2;1000;6;0,020000;NA;0,010000;0,010000;0,002982;NA;0,001000;0,000000;6,7058;0,000020000
exec;selection;rust;v2;1000;7;0,020000;NA;0,010000;0,010000;0,002824;NA;0,001000;0,000000;7,0824;0,000020000
exec;selection;rust;v2;1000;8;0,020000;NA;0,010000;0,010000;0,002808;NA;0,001000;0,000000;7,1216;0,000020000
exec;selection;rust;v2;1000;9;0,020000;NA;0,010000;0,010000;0,002916;NA;0,001000;0,000000;6,8587;0,000020000
exec;selection;rust;v2;1000;10;0,020000;NA;0,020000;0,010000;0,003165;NA;0,001000;0,000000;6,3182;0,000020000
exec;selection;rust;v2;10000;1;0,020000;NA;0,020000;0,010000;0,004634;NA;0,003000;0,000000;4,3161;0,000002000
exec;selection;rust;v2;10000;2;0,030000;NA;0,020000;0,010000;0,004794;NA;0,000000;0,003000;6,2582;0,000003000
exec;selection;rust;v2;10000;3;0,030000;NA;0,020000;0,010000;0,004765;NA;0,000000;0,003000;6,2957;0,000003000
exec;selection;rust;v2;10000;4;0,030000;NA;0,020000;0,010000;0,005104;NA;0,000000;0,003000;5,8774;0,000003000
exec;selection;rust;v2;10000;5;0,030000;NA;0,020000;0,010000;0,004968;NA;0,003000;0,000000;6,0389;0,000003000
exec;selection;rust;v2;10000;6;0,020000;NA;0,020000;0,010000;0,004993;NA;0,003000;0,000000;4,0054;0,000002000
exec;selection;rust;v2;10000;7;0,020000;NA;0,020000;0,010000;0,004871;NA;0,000000;0,003000;4,1060;0,000002000
exec;selection;rust;v2;10000;8;0,020000;NA;0,020000;0,010000;0,004848;NA;0,003000;0,000000;4,1252;0,000002000
exec;selection;rust;v2;10000;9;0,020000;NA;0,020000;0,010000;0,004748;NA;0,003000;0,000000;4,2121;0,000002000
exec;selection;rust;v2;10000;10;0,020000;NA;0,020000;0,010000;0,004639;NA;0,000000;0,003000;4,3114;0,000002000
exec;selection;rust;v2;50000;1;0,090000;NA;0,060000;0,020000;0,013479;NA;0,012000;0,000000;6,6770;0,000001800
exec;selection;rust;v2;50000;2;0,090000;NA;0,060000;0,020000;0,013835;NA;0,012000;0,000000;6,5052;0,000001800
exec;selection;rust;v2;50000;3;0,080000;NA;0,060000;0,020000;0,013783;NA;0,012000;0,000000;5,8043;0,000001600
exec;selection;rust;v2;50000;4;0,080000;NA;0,060000;0,020000;0,013793;NA;0,004000;0,008000;5,8002;0,000001600
exec;selection;rust;v2;50000;5;0,090000;NA;0,060000;0,020000;0,013781;NA;0,012000;0,000000;6,5307;0,000001800
exec;selection;rust;v2;50000;6;0,080000;NA;0,060000;0,020000;0,013895;NA;0,012000;0,000000;5,7573;0,000001600
exec;selection;rust;v2;50000;7;0,090000;NA;0,060000;0,020000;0,013596;NA;0,012000;0,000000;6,6195;0,000001800
exec;selection;rust;v2;50000;8;0,080000;NA;0,060000;0,020000;0,013545;NA;0,012000;0,000000;5,9061;0,000001600
exec;selection;rust;v2;50000;9;0,080000;NA;0,060000;0,020000;0,013939;NA;0,008000;0,004000;5,7393;0,000001600
exec;selection;rust;v2;50000;10;0,090000;NA;0,070000;0,020000;0,013980;NA;0,012000;0,000000;6,4379;0,000001800
exec;selection;rust;v2;100000;1;0,160000;NA;0,110000;0,030000;0,025336;NA;0,024000;0,000000;6,3152;0,000001600
exec;selection;rust;v2;100000;2;0,160000;NA;0,110000;0,040000;0,024489;NA;0,023000;0,000000;6,5337;0,000001600
exec;selection;rust;v2;100000;3;0,160000;NA;0,110000;0,030000;0,024880;NA;0,023000;0,000000;6,4309;0,000001600
exec;selection;rust;v2;100000;4;0,160000;NA;0,120000;0,040000;0,025485;NA;0,016000;0,008000;6,2781;0,000001600
exec;selection;rust;v2;100000;5;0,160000;NA;0,110000;0,040000;0,025135;NA;0,019000;0,005000;6,3656;0,000001600
exec;selection;rust;v2;100000;6;0,160000;NA;0,110000;0,030000;0,025077;NA;0,016000;0,008000;6,3803;0,000001600
exec;selection;rust;v2;100000;7;0,160000;NA;0,110000;0,030000;0,025242;NA;0,023000;0,000000;6,3387;0,000001600
exec;selection;rust;v2;100000;8;0,160000;NA;0,120000;0,040000;0,025715;NA;0,020000;0,004000;6,2220;0,000001600
exec;selection;rust;v2;100000;9;0,160000;NA;0,110000;0,030000;0,025364;NA;0,020000;0,004000;6,3083;0,000001600
exec;selection;rust;v2;100000;10;0,160000;NA;0,120000;0,040000;0,025560;NA;0,024000;0,000000;6,2597;0,000001600
media;bolha;go;v1;10;10;0,020000;0,000000;0,010000;0,010000;0,002855;0,000210;0,000000;0,000000;7,0054;0,002000000
media;bolha;go;v1;100;10;0,018000;0,004216;0,012000;0,008000;0,003032;0,000299;0,000000;0,000000;5,9368;0,000180000
media;bolha;go;v1;1000;10;0,031000;0,003162;0,021000;0,010000;0,005111;0,000199;0,000000;0,000000;6,0658;0,000031000
media;bolha;go;v1;10000;10;1,158000;0,016865;0,829000;0,221000;0,200595;0,000466;0,196000;0,000000;5,7728;0,000115800
media;bolha;go;v1;50000;10;29,577000;0,244906;21,333000;5,325000;4,966760;0,007845;4,965000;0,001000;5,9550;0,000591540
media;bolha;go;v1;100000;10;117,931000;0,340896;85,116000;21,151000;19,798688;0,012103;19,799000;0,025000;5,9565;0,001179310
media;bolha;go;v2;10;10;0,019000;0,003162;0,011000;0,009000;0,002927;0,000173;0,000000;0,000000;6,4907;0,001900000
media;bolha;go;v2;100;10;0,019000;0,005676;0,011000;0,008000;0,002865;0,000222;0,000000;0,000000;6,6308;0,000190000
media;bolha;go;v2;1000;10;0,032000;0,004216;0,022000;0,010000;0,005043;0,000227;0,000000;0,000000;6,3453;0,000032000
media;bolha;go;v2;10000;10;1,164000;0,017127;0,845000;0,212000;0,192778;0,002285;0,184000;0,000000;6,0380;0,000116400
media;bolha;go;v2;50000;10;30,245000;0,222773;22,139000;5,221000;4,878536;0,008083;4,871000;0,006000;6,1996;0,000604900
media;bolha;go;v2;100000;10;120,465000;0,432364;88,151000;20,794000;19,466683;0,011360;19,465000;0,027000;6,1883;0,001204650
media;bolha;rust;v1;10;10;0,019000;0,008756;0,012000;0,006000;0,002989;0,000686;0,000900;0,000100;6,3569;0,001900000
media;bolha;rust;v1;100;10;0,019000;0,005676;0,012000;0,007000;0,003074;0,000588;0,000900;0,000300;6,1809;0,000190000
media;bolha;rust;v1;1000;10;0,030000;0,004714;0,021000;0,010000;0,005118;0,000225;0,002700;0,000300;5,8621;0,000030000
media;bolha;rust;v1;10000;10;1,293000;0,061292;0,932000;0,264000;0,213627;0,003253;0,210000;0,001600;6,0526;0,000129300
media;bolha;rust;v1;50000;10;31,239000;1,414571;22,490000;5,963000;5,244551;0,069080;5,236800;0,005200;5,9565;0,000624780
media;bolha;rust;v1;100000;10;123,009000;3,046741;88,410000;22,584000;20,830093;0,136467;20,819200;0,007600;5,9054;0,001230090
media;bolha;rust;v2;10;10;0,015000;0,005270;0,010000;0,005000;0,002700;0,000123;0,001000;0,000000;5,5566;0,001500000
media;bolha;rust;v2;100;10;0,017000;0,004830;0,010000;0,006000;0,002727;0,000110;0,001000;0,000000;6,2346;0,000170000
media;bolha;rust;v2;1000;10;0,023000;0,004830;0,020000;0,010000;0,004225;0,000081;0,001400;0,000900;5,4435;0,000023000
media;bolha;rust;v2;10000;10;0,863000;0,010593;0,606000;0,169000;0,154064;0,000361;0,150200;0,002000;5,6016;0,000086300
media;bolha;rust;v2;50000;10;21,712000;0,220494;15,353000;4,071000;3,794990;0,012548;3,787300;0,005600;5,7212;0,000434240
media;bolha;rust;v2;100000;10;87,376000;0,405331;61,949000;16,136000;15,123741;0,010460;15,113700;0,006800;5,7774;0,000873760
media;insertion;go;v1;10;10;0,019000;0,003162;0,010000;0,009000;0,002778;0,000243;0,000000;0,000000;6,8389;0,001900000
media;insertion;go;v1;100;10;0,022000;0,006325;0,013000;0,009000;0,003148;0,000476;0,000000;0,000000;6,9893;0,000220000
media;insertion;go;v1;1000;10;0,021000;0,003162;0,018000;0,010000;0,003651;0,000200;0,000000;0,000000;5,7525;0,000021000
media;insertion;go;v1;10000;10;0,288000;0,009189;0,201000;0,061000;0,051789;0,000498;0,045000;0,000000;5,5610;0,000028800
media;insertion;go;v1;50000;10;6,454000;0,035340;4,487000;1,254000;1,168042;0,000694;1,163000;0,000000;5,5255;0,000129080
media;insertion;go;v1;100000;10;26,130000;0,126667;18,290000;4,961000;4,640080;0,004205;4,636000;0,006000;5,6314;0,000261300
media;insertion;go;v2;10;10;0,018000;0,004216;0,010000;0,008000;0,002917;0,000226;0,000000;0,000000;6,1717;0,001800000
media;insertion;go;v2;100;10;0,018000;0,006325;0,011000;0,007000;0,002906;0,000178;0,000000;0,000000;6,1951;0,000180000
media;insertion;go;v2;1000;10;0,020000;0,000000;0,011000;0,010000;0,003265;0,000265;0,000000;0,000000;6,1248;0,000020000
media;insertion;go;v2;10000;10;0,128000;0,004216;0,093000;0,029000;0,021259;0,000233;0,018000;0,000000;6,0210;0,000012800
media;insertion;go;v2;50000;10;2,697000;0,023118;1,996000;0,475000;0,436812;0,002086;0,426000;0,001000;6,1743;0,000053940
media;insertion;go;v2;100000;10;11,730000;0,190146;8,800000;1,945000;1,808507;0,008354;1,803000;0,003000;6,4860;0,000117300
media;insertion;rust;v1;10;10;0,018000;0,004216;0,010000;0,007000;0,002746;0,000169;0,000700;0,000300;6,5550;0,001800000
media;insertion;rust;v1;100;10;0,018000;0,004216;0,010000;0,008000;0,002785;0,000120;0,000800;0,000200;6,4641;0,000180000
media;insertion;rust;v1;1000;10;0,020000;0,000000;0,010000;0,001000;0,003122;0,000136;0,001100;0,000200;6,4068;0,000020000
media;insertion;rust;v1;10000;10;0,136000;0,012649;0,095000;0,031000;0,024084;0,000424;0,021600;0,000800;5,6469;0,000013600
media;insertion;rust;v1;50000;10;2,890000;0,026667;2,074000;0,538000;0,500536;0,000975;0,497100;0,001600;5,7738;0,000057800
media;insertion;rust;v1;100000;10;11,645000;0,078493;8,388000;2,119000;1,980293;0,002157;1,973600;0,004800;5,8804;0,000116450
media;insertion;rust;v2;10;10;0,018000;0,004216;0,011000;0,007000;0,002779;0,000168;0,000900;0,000100;6,4783;0,001800000
media;insertion;rust;v2;100;10;0,017000;0,004830;0,010000;0,006000;0,002775;0,000172;0,000900;0,000100;6,1263;0,000170000
media;insertion;rust;v2;1000;10;0,019000;0,003162;0,011000;0,008000;0,003103;0,000150;0,001100;0,000000;6,1221;0,000019000
media;insertion;rust;v2;10000;10;0,089000;0,003162;0,062000;0,020000;0,015650;0,000108;0,013200;0,000600;5,6870;0,000008900
media;insertion;rust;v2;50000;10;1,811000;0,024244;1,323000;0,332000;0,306685;0,000918;0,299000;0,005600;5,9051;0,000036220
media;insertion;rust;v2;100000;10;7,428000;0,051381;5,454000;1,334000;1,242496;0,004423;1,233600;0,007200;5,9783;0,000074280
media;selection;go;v1;10;10;0,021000;0,003162;0,012000;0,010000;0,003066;0,000265;0,000000;0,000000;6,8491;0,002100000
media;selection;go;v1;100;10;0,020000;0,000000;0,010000;0,010000;0,002894;0,000110;0,000000;0,000000;6,9110;0,000200000
media;selection;go;v1;1000;10;0,021000;0,003162;0,011000;0,010000;0,003348;0,000302;0,000000;0,000000;6,2723;0,000021000
media;selection;go;v1;10000;10;0,043000;0,004830;0,030000;0,010000;0,007033;0,000133;0,000000;0,000000;6,1141;0,000004300
media;selection;go;v1;50000;10;0,164000;0,005164;0,120000;0,030000;0,025225;0,000229;0,019000;0,000000;6,5014;0,000003280
media;selection;go;v1;100000;10;0,338000;0,019322;0,252000;0,065000;0,049564;0,001819;0,043000;0,001000;6,8195;0,000003380
media;selection;go;v2;10;10;0,020000;0,000000;0,010000;0,010000;0,002857;0,000226;0,000000;0,000000;7,0004;0,002000000
media;selection;go;v2;100;10;0,018000;0,004216;0,011000;0,008000;0,002831;0,000189;0,000000;0,000000;6,3579;0,000180000
media;selection;go;v2;1000;10;0,024000;0,005164;0,017000;0,010000;0,003837;0,000352;0,000000;0,000000;6,2543;0,000024000
media;selection;go;v2;10000;10;0,347000;0,006749;0,245000;0,070000;0,058307;0,000465;0,050000;0,000000;5,9513;0,000034700
media;selection;go;v2;50000;10;8,664000;0,035024;6,306000;1,542000;1,437305;0,001765;1,443000;0,001000;6,0279;0,000173280
media;selection;go;v2;100000;10;36,374000;0,138179;26,609000;6,325000;5,920583;0,005631;5,925000;0,013000;6,1437;0,000363740
media;selection;rust;v1;10;10;0,018000;0,004216;0,010000;0,007000;0,002815;0,000097;0,000900;0,000100;6,3939;0,001800000
media;selection;rust;v1;100;10;0,016000;0,005164;0,010000;0,004000;0,002786;0,000062;0,000800;0,000200;5,7430;0,000160000
media;selection;rust;v1;1000;10;0,020000;0,000000;0,013000;0,006000;0,003573;0,000246;0,001400;0,000600;5,5980;0,000020000
media;selection;rust;v1;10000;10;0,311000;0,007379;0,219000;0,060000;0,054643;0,000320;0,052500;0,000400;5,6915;0,000031100
media;selection;rust;v1;50000;10;7,154000;0,069634;5,085000;1,342000;1,255781;0,001198;1,249800;0,004000;5,6969;0,000143080
media;selection;rust;v1;100000;10;28,759000;0,237835;20,474000;5,346000;5,002396;0,011563;4,994600;0,005200;5,7490;0,000287590
media;selection;rust;v2;10;10;0,018000;0,004216;0,010000;0,005000;0,002771;0,000095;0,000800;0,000200;6,4954;0,001800000
media;selection;rust;v2;100;10;0,018000;0,004216;0,010000;0,007000;0,002809;0,000127;0,000900;0,000100;6,4080;0,000180000
media;selection;rust;v2;1000;10;0,019000;0,003162;0,011000;0,006000;0,002909;0,000131;0,001000;0,000000;6,5324;0,000019000
media;selection;rust;v2;10000;10;0,024000;0,005164;0,020000;0,010000;0,004836;0,000153;0,001500;0,001500;4,9624;0,000002400
media;selection;rust;v2;50000;10;0,085000;0,005270;0,061000;0,020000;0,013763;0,000169;0,010800;0,001200;6,1762;0,000001700
media;selection;rust;v2;100000;10;0,160000;0,000000;0,113000;0,035000;0,025228;0,000356;0,020800;0,002900;6,3421;0,000001600
