algoritmo,tamanho,execucao,energia_joules,duracao_s,user_time_s,system_time_s,potencia_media_w,energia_por_elemento_j
bolha,10000,1,"1,21","0,111786","0,1",0,"10,8243","0,000121"
bolha,10000,2,"0,96","0,078501","0,07",0,"12,2292","0,000096"
bolha,10000,3,"1,2","0,096928","0,09",0,"12,3803","0,00012"
bolha,10000,4,1,"0,079039","0,07",0,"12,6521","0,0001"
bolha,10000,5,"1,57","0,130216","0,12",0,"12,0569","0,000157"
bolha,10000,6,"1,37","0,111222","0,1",0,"12,3177","0,000137"
bolha,10000,7,"1,05","0,083174","0,08",0,"12,6241","0,000105"
bolha,10000,8,"0,92","0,073738","0,07",0,"12,4766","0,000092"
bolha,10000,9,"1,41","0,115596","0,11",0,"12,1976","0,000141"
bolha,10000,10,"0,91","0,072647","0,07",0,"12,5263","0,000091"
bolha,50000,1,"42,28","3,417332","3,42",0,"12,3722","0,0008456"
bolha,50000,2,"42,82","3,406646","3,41",0,"12,5695","0,0008564"
bolha,50000,3,"42,94","3,395952","3,4",0,"12,6445","0,0008588"
bolha,50000,4,"43,09","3,384912","3,38",0,"12,73","0,0008618"
bolha,50000,5,"44,46","3,39648","3,4",0,"13,09","0,0008892"
bolha,50000,6,"43,87","3,389253","3,39",0,"12,9439","0,0008774"
bolha,50000,7,"43,17","3,400866","3,4",0,"12,6938","0,0008634"
bolha,50000,8,"44,41","3,428703","3,42",0,"12,9524","0,0008882"
bolha,50000,9,"45,1","3,390644","3,39",0,"13,3013","0,000902"
bolha,50000,10,"45,51","3,396706","3,4",0,"13,3983","0,0009102"
bolha,100000,1,"185,89","14,471314","14,5","0,01","12,8454","0,0018589"
bolha,100000,2,"194,25","14,490107","14,52",0,"13,4057","0,0019425"
bolha,100000,3,"184,95","14,474412","14,51","0,01","12,7777","0,0018495"
bolha,100000,4,"191,6","14,555653","14,58","0,01","13,1633","0,001916"
bolha,100000,5,"190,85","14,455198","14,48","0,01","13,2029","0,0019085"
bolha,100000,6,"189,19","14,588166","14,62","0,01","12,9687","0,0018919"
bolha,100000,7,"185,14","14,549192","14,58",0,"12,7251","0,0018514"
bolha,100000,8,"192,9","14,536104","14,57","0,01","13,2704","0,001929"
bolha,100000,9,"189,79","14,520489","14,55","0,01","13,0705","0,0018979"
bolha,100000,10,"186,65","14,605017","14,63","0,01","12,7799","0,0018665"
bolha_better,10000,1,"0,88","0,079095","0,06",0,"11,1258","0,000088"
bolha_better,10000,2,"0,83","0,060853","0,05",0,"13,6394","0,000083"
bolha_better,10000,3,"0,78","0,055617","0,05",0,"14,0246","0,000078"
bolha_better,10000,4,"0,8","0,055673","0,05",0,"14,3697","0,00008"
bolha_better,10000,5,"0,87","0,061542","0,06",0,"14,1366","0,000087"
bolha_better,10000,6,"0,82","0,056369","0,05",0,"14,5471","0,000082"
bolha_better,10000,7,"0,8","0,055226","0,05",0,"14,4859","0,00008"
bolha_better,10000,8,"0,93","0,064957","0,06",0,"14,3172","0,000093"
bolha_better,10000,9,"0,79","0,055212","0,05",0,"14,3085","0,000079"
bolha_better,10000,10,"0,86","0,059058","0,05",0,"14,562","0,000086"
bolha_better,50000,1,"40,29","2,838676","2,84",0,"14,1932","0,0008058"
bolha_better,50000,2,"39,38","2,824778","2,82",0,"13,9409","0,0007876"
bolha_better,50000,3,"39,25","2,819382","2,82",0,"13,9215","0,000785"
bolha_better,50000,4,"40,23","2,824914","2,83",0,"14,2411","0,0008046"
bolha_better,50000,5,"39,32","2,827465","2,82",0,"13,9064","0,0007864"
bolha_better,50000,6,"39,37","2,822453","2,82",0,"13,9489","0,0007874"
bolha_better,50000,7,"40,41","2,828969","2,83",0,"14,2844","0,0008082"
bolha_better,50000,8,"38,81","2,83274","2,83",0,"13,7005","0,0007762"
bolha_better,50000,9,"40,31","2,825105","2,82",0,"14,2685","0,0008062"
bolha_better,50000,10,"38,9","2,826483","2,83",0,"13,7627","0,000778"
bolha_better,100000,1,"174,63","12,406445","12,43",0,"14,0757","0,0017463"
bolha_better,100000,2,"170,06","12,231086","12,25","0,01","13,9039","0,0017006"
bolha_better,100000,3,"173,78","12,321673","12,35",0,"14,1036","0,0017378"
bolha_better,100000,4,"173,03","12,286994","12,31","0,01","14,0824","0,0017303"
bolha_better,100000,5,"174,31","12,340031","12,36","0,01","14,1256","0,0017431"
bolha_better,100000,6,"173,41","12,326484","12,35","0,01","14,0681","0,0017341"
bolha_better,100000,7,"171,53","12,219825","12,24",0,"14,037","0,0017153"
bolha_better,100000,8,"165,37","12,274695","12,28","0,01","13,4724","0,0016537"
bolha_better,100000,9,"173,96","12,316272","12,34","0,01","14,1244","0,0017396"
bolha_better,100000,10,"168,47","12,240019","12,26",0,"13,7639","0,0016847"
bolha_rs,10000,1,"0,55","0,046292","0,04",0,"11,881","0,000055"
bolha_rs,10000,2,"0,51","0,042927","0,04",0,"11,8805","0,000051"
bolha_rs,10000,3,"0,52","0,043276","0,04",0,"12,016","0,000052"
bolha_rs,10000,4,"0,51","0,043733","0,04",0,"11,6617","0,000051"
bolha_rs,10000,5,"0,51","0,042843","0,04",0,"11,904","0,000051"
bolha_rs,10000,6,"0,53","0,043908","0,04",0,"12,0706","0,000053"
bolha_rs,10000,7,"0,56","0,047163","0,04",0,"11,8737","0,000056"
bolha_rs,10000,8,"0,52","0,042873","0,04",0,"12,1287","0,000052"
bolha_rs,10000,9,"0,53","0,042648","0,04",0,"12,4273","0,000053"
bolha_rs,10000,10,"0,54","0,043045","0,04",0,"12,545","0,000054"
bolha_rs,50000,1,"29,2","2,384914","2,38",0,"12,2436","0,000584"
bolha_rs,50000,2,"28,86","2,386345","2,38",0,"12,0938","0,0005772"
bolha_rs,50000,3,"29,23","2,379862","2,37",0,"12,2822","0,0005846"
bolha_rs,50000,4,"29,38","2,38781","2,38",0,"12,3042","0,0005876"
bolha_rs,50000,5,"29,14","2,38658","2,38",0,"12,2099","0,0005828"
bolha_rs,50000,6,"29,29","2,388284","2,38",0,"12,264","0,0005858"
bolha_rs,50000,7,"29,54","2,383404","2,37",0,"12,394","0,0005908"
bolha_rs,50000,8,"29,58","2,383669","2,37",0,"12,4094","0,0005916"
bolha_rs,50000,9,"29,55","2,384625","2,38",0,"12,3919","0,000591"
bolha_rs,50000,10,"28,82","2,387782","2,38",0,"12,0698","0,0005764"
bolha_rs,100000,1,"128,75","10,367978","10,36",0,"12,418","0,0012875"
bolha_rs,100000,2,"124,78","10,386174","10,37",0,"12,014","0,0012478"
bolha_rs,100000,3,"124,66","10,368461","10,36",0,"12,023","0,0012466"
bolha_rs,100000,4,"127,63","10,362029","10,35",0,"12,3171","0,0012763"
bolha_rs,100000,5,"128,05","10,338025","10,33",0,"12,3863","0,0012805"
bolha_rs,100000,6,"124,46","10,342466","10,33",0,"12,0339","0,0012446"
bolha_rs,100000,7,"128,4","10,357197","10,35",0,"12,3972","0,001284"
bolha_rs,100000,8,"126,95","10,333729","10,31",0,"12,285","0,0012695"
bolha_rs,100000,9,"126,74","10,34385","10,33",0,"12,2527","0,0012674"
bolha_rs,100000,10,"128,16","10,361087","10,35",0,"12,3694","0,0012816"
bolha_rs_better,10000,1,"0,5","0,041156","0,03",0,"12,1488","0,00005"
bolha_rs_better,10000,2,"0,48","0,038506","0,03",0,"12,4655","0,000048"
bolha_rs_better,10000,3,"0,46","0,038999","0,03",0,"11,7952","0,000046"
bolha_rs_better,10000,4,"0,47","0,03912","0,03",0,"12,0142","0,000047"
bolha_rs_better,10000,5,"0,47","0,038867","0,03",0,"12,0927","0,000047"
bolha_rs_better,10000,6,"0,46","0,039571","0,03",0,"11,6248","0,000046"
bolha_rs_better,10000,7,"0,51","0,039152","0,03",0,"13,0262","0,000051"
bolha_rs_better,10000,8,"0,47","0,038235","0,03",0,"12,2924","0,000047"
bolha_rs_better,10000,9,"0,48","0,038829","0,03",0,"12,362","0,000048"
bolha_rs_better,10000,10,"0,47","0,039321","0,03",0,"11,953","0,000047"
bolha_rs_better,50000,1,"28,82","2,400662","2,39",0,"12,005","0,0005764"
bolha_rs_better,50000,2,"29,16","2,386849","2,38",0,"12,2169","0,0005832"
bolha_rs_better,50000,3,"29,64","2,386775","2,38",0,"12,4184","0,0005928"
bolha_rs_better,50000,4,"30,08","2,411763","2,4",0,"12,4722","0,0006016"
bolha_rs_better,50000,5,"29,79","2,400468","2,39",0,"12,4101","0,0005958"
bolha_rs_better,50000,6,"29,14","2,391007","2,38",0,"12,1873","0,0005828"
bolha_rs_better,50000,7,"29,1","2,386144","2,38",0,"12,1954","0,000582"
bolha_rs_better,50000,8,"29,68","2,389242","2,38",0,"12,4223","0,0005936"
bolha_rs_better,50000,9,"29,73","2,393644","2,39",0,"12,4204","0,0005946"
bolha_rs_better,50000,10,"29,73","2,392207","2,39",0,"12,4279","0,0005946"
bolha_rs_better,100000,1,"130,33","10,479494","10,47",0,"12,4367","0,0013033"
bolha_rs_better,100000,2,"130,33","10,446807","10,44",0,"12,4756","0,0013033"
bolha_rs_better,100000,3,"127,2","10,480351","10,47",0,"12,137","0,001272"
bolha_rs_better,100000,4,"130,06","10,444153","10,44",0,"12,4529","0,0013006"
bolha_rs_better,100000,5,"126,96","10,444816","10,43",0,"12,1553","0,0012696"
bolha_rs_better,100000,6,"129,3","10,434827","10,43",0,"12,3912","0,001293"
bolha_rs_better,100000,7,"130,04","10,514023","10,5",0,"12,3682","0,0013004"
bolha_rs_better,100000,8,"127,3","10,445916","10,44",0,"12,1866","0,001273"
bolha_rs_better,100000,9,"129,71","10,493824","10,49",0,"12,3606","0,0012971"
bolha_rs_better,100000,10,"128,82","10,437962","10,43",0,"12,3415","0,0012882"
insertion,10000,1,"0,46","0,053282","0,04",0,"8,6334","0,000046"
insertion,10000,2,"0,37","0,034297","0,03",0,"10,7881","0,000037"
insertion,10000,3,"0,38","0,034361","0,03",0,"11,0591","0,000038"
insertion,10000,4,"0,38","0,035029","0,03",0,"10,8481","0,000038"
insertion,10000,5,"0,38","0,034799","0,03",0,"10,92","0,000038"
insertion,10000,6,"0,37","0,035296","0,03",0,"10,4829","0,000037"
insertion,10000,7,"0,4","0,03491","0,03",0,"11,4579","0,00004"
insertion,10000,8,"0,38","0,034594","0,03",0,"10,9846","0,000038"
insertion,10000,9,"0,37","0,034536","0,03",0,"10,7136","0,000037"
insertion,10000,10,"0,39","0,034118","0,03",0,"11,4311","0,000039"
insertion,50000,1,"8,73","0,778885","0,77",0,"11,2083","0,0001746"
insertion,50000,2,"8,57","0,778736","0,77",0,"11,005","0,0001714"
insertion,50000,3,"8,62","0,78014","0,77",0,"11,0493","0,0001724"
insertion,50000,4,"8,72","0,779352","0,77",0,"11,1888","0,0001744"
insertion,50000,5,"8,88","0,778367","0,77",0,"11,4085","0,0001776"
insertion,50000,6,"8,85","0,778427","0,77",0,"11,3691","0,000177"
insertion,50000,7,"8,61","0,779756","0,77",0,"11,0419","0,0001722"
insertion,50000,8,"8,52","0,778558","0,77",0,"10,9433","0,0001704"
insertion,50000,9,"8,6","0,780887","0,77",0,"11,0131","0,000172"
insertion,50000,10,"8,55","0,78081","0,77",0,"10,9502","0,000171"
insertion,100000,1,"33,92","3,097708","3,1",0,"10,95","0,0003392"
insertion,100000,2,"35,28","3,096497","3,1",0,"11,3935","0,0003528"
insertion,100000,3,"35,26","3,096589","3,1",0,"11,3867","0,0003526"
insertion,100000,4,"34,67","3,099754","3,1",0,"11,1848","0,0003467"
insertion,100000,5,"35,13","3,096003","3,1",0,"11,3469","0,0003513"
insertion,100000,6,"35,27","3,096981","3,1",0,"11,3885","0,0003527"
insertion,100000,7,"34,65","3,094563","3,09",0,"11,1971","0,0003465"
insertion,100000,8,"35,24","3,096933","3,1",0,"11,379","0,0003524"
insertion,100000,9,"34,62","3,095246","3,09",0,"11,1849","0,0003462"
insertion,100000,10,"35,14","3,096279","3,1",0,"11,3491","0,0003514"
insertion_better,10000,1,"0,2","0,030474","0,01",0,"6,5629","0,00002"
insertion_better,10000,2,"0,14","0,010731",0,0,"13,0459","0,000014"
insertion_better,10000,3,"0,13","0,010233",0,0,"12,704","0,000013"
insertion_better,10000,4,"0,12","0,010341",0,0,"11,6047","0,000012"
insertion_better,10000,5,"0,12","0,01058",0,0,"11,3425","0,000012"
insertion_better,10000,6,"0,13","0,010407",0,0,"12,492","0,000013"
insertion_better,10000,7,"0,12","0,010825",0,0,"11,0855","0,000012"
insertion_better,10000,8,"0,12","0,010944",0,0,"10,9652","0,000012"
insertion_better,10000,9,"0,12","0,010174",0,0,"11,7949","0,000012"
insertion_better,10000,10,"0,13","0,010626",0,0,"12,2338","0,000013"
insertion_better,50000,1,"2,33","0,181584","0,17",0,"12,8315","0,0000466"
insertion_better,50000,2,"2,37","0,182514","0,18",0,"12,9853","0,0000474"
insertion_better,50000,3,"2,41","0,180315","0,17",0,"13,3655","0,0000482"
insertion_better,50000,4,"2,36","0,183752","0,17",0,"12,8434","0,0000472"
insertion_better,50000,5,"2,38","0,18104","0,17",0,"13,1463","0,0000476"
insertion_better,50000,6,"2,45","0,181796","0,17",0,"13,4767","0,000049"
insertion_better,50000,7,"2,34","0,181755","0,18",0,"12,8745","0,0000468"
insertion_better,50000,8,"2,4","0,181824","0,17",0,"13,1996","0,000048"
insertion_better,50000,9,"2,37","0,182426","0,17",0,"12,9916","0,0000474"
insertion_better,50000,10,"2,42","0,179869","0,17",0,"13,4542","0,0000484"
insertion_better,100000,1,"9,38","0,704954","0,7",0,"13,3058","0,0000938"
insertion_better,100000,2,"9,59","0,705226","0,7",0,"13,5985","0,0000959"
insertion_better,100000,3,"9,64","0,704854","0,7",0,"13,6766","0,0000964"
insertion_better,100000,4,"9,65","0,704601","0,7",0,"13,6957","0,0000965"
insertion_better,100000,5,"9,54","0,706339","0,7",0,"13,5063","0,0000954"
insertion_better,100000,6,"9,6","0,705685","0,7",0,"13,6038","0,000096"
insertion_better,100000,7,"9,47","0,705037","0,7",0,"13,4319","0,0000947"
insertion_better,100000,8,"9,53","0,704217","0,7",0,"13,5328","0,0000953"
insertion_better,100000,9,"9,64","0,704442","0,7",0,"13,6846","0,0000964"
insertion_better,100000,10,"9,65","0,704573","0,7",0,"13,6962","0,0000965"
insertion_rs,10000,1,"0,16","0,014332",0,0,"11,1641","0,000016"
insertion_rs,10000,2,"0,13","0,011562",0,0,"11,2434","0,000013"
insertion_rs,10000,3,"0,14","0,01256","0,01",0,"11,1466","0,000014"
insertion_rs,10000,4,"0,18","0,014757","0,01",0,"12,1974","0,000018"
insertion_rs,10000,5,"0,13","0,011415","0,01",0,"11,3881","0,000013"
insertion_rs,10000,6,"0,14","0,01155",0,0,"12,1215","0,000014"
insertion_rs,10000,7,"0,13","0,011971","0,01",0,"10,8593","0,000013"
insertion_rs,10000,8,"0,14","0,011698","0,01",0,"11,9682","0,000014"
insertion_rs,10000,9,"0,14","0,011924",0,0,"11,7413","0,000014"
insertion_rs,10000,10,"0,13","0,011843",0,0,"10,977","0,000013"
insertion_rs,50000,1,"2,6","0,220569","0,21",0,"11,7877","0,000052"
insertion_rs,50000,2,"2,67","0,220053","0,21",0,"12,1334","0,0000534"
insertion_rs,50000,3,"2,6","0,220826","0,21",0,"11,774","0,000052"
insertion_rs,50000,4,"2,7","0,220151","0,21",0,"12,2643","0,000054"
insertion_rs,50000,5,"2,68","0,220771","0,21",0,"12,1393","0,0000536"
insertion_rs,50000,6,"2,75","0,220365","0,21",0,"12,4793","0,000055"
insertion_rs,50000,7,"2,71","0,220781","0,21",0,"12,2746","0,0000542"
insertion_rs,50000,8,"2,67","0,220797","0,21",0,"12,0926","0,0000534"
insertion_rs,50000,9,"2,68","0,22163","0,21",0,"12,0922","0,0000536"
insertion_rs,50000,10,"2,71","0,221614","0,21",0,"12,2284","0,0000542"
insertion_rs,100000,1,"10,62","0,867406","0,86",0,"12,2434","0,0001062"
insertion_rs,100000,2,"10,66","0,865472","0,86",0,"12,317","0,0001066"
insertion_rs,100000,3,"10,68","0,865669","0,86",0,"12,3373","0,0001068"
insertion_rs,100000,4,"10,61","0,866409","0,86",0,"12,246","0,0001061"
insertion_rs,100000,5,"10,72","0,866584","0,86",0,"12,3704","0,0001072"
insertion_rs,100000,6,"10,6","0,864655","0,86",0,"12,2592","0,000106"
insertion_rs,100000,7,"10,65","0,865416","0,86",0,"12,3062","0,0001065"
insertion_rs,100000,8,"10,7","0,86537","0,86",0,"12,3646","0,000107"
insertion_rs,100000,9,"10,63","0,865972","0,86",0,"12,2752","0,0001063"
insertion_rs,100000,10,"10,62","0,865735","0,86",0,"12,267","0,0001062"
insertion_rs_better,10000,1,"0,19","0,027609","0,01",0,"6,8819","0,000019"
insertion_rs_better,10000,2,"0,13","0,013755","0,01",0,"9,4509","0,000013"
insertion_rs_better,10000,3,"0,13","0,013587","0,01",0,"9,5678","0,000013"
insertion_rs_better,10000,4,"0,15","0,013527","0,01",0,"11,0885","0,000015"
insertion_rs_better,10000,5,"0,15","0,01306","0,01",0,"11,4852","0,000015"
insertion_rs_better,10000,6,"0,13","0,013504","0,01",0,"9,6265","0,000013"
insertion_rs_better,10000,7,"0,14","0,013288","0,01",0,"10,5355","0,000014"
insertion_rs_better,10000,8,"0,14","0,012918","0,01",0,"10,8374","0,000014"
insertion_rs_better,10000,9,"0,14","0,013557","0,01",0,"10,3264","0,000014"
insertion_rs_better,10000,10,"0,14","0,013373","0,01",0,"10,4692","0,000014"
insertion_rs_better,50000,1,"2,89","0,249664","0,24",0,"11,5756","0,0000578"
insertion_rs_better,50000,2,"2,94","0,250416","0,24",0,"11,7405","0,0000588"
insertion_rs_better,50000,3,"2,92","0,249857","0,24",0,"11,6867","0,0000584"
insertion_rs_better,50000,4,"2,87","0,249453","0,24",0,"11,5052","0,0000574"
insertion_rs_better,50000,5,"2,84","0,249574","0,24",0,"11,3794","0,0000568"
insertion_rs_better,50000,6,"2,92","0,249469","0,24",0,"11,7049","0,0000584"
insertion_rs_better,50000,7,"2,92","0,250135","0,24",0,"11,6737","0,0000584"
insertion_rs_better,50000,8,"2,94","0,24981","0,24",0,"11,7689","0,0000588"
insertion_rs_better,50000,9,"2,96","0,249051","0,24",0,"11,8851","0,0000592"
insertion_rs_better,50000,10,"2,94","0,250169","0,24",0,"11,752","0,0000588"
insertion_rs_better,100000,1,"11,68","0,980038","0,97",0,"11,9179","0,0001168"
insertion_rs_better,100000,2,"11,62","0,980165","0,97",0,"11,8552","0,0001162"
insertion_rs_better,100000,3,"11,77","0,982546","0,97",0,"11,9791","0,0001177"
insertion_rs_better,100000,4,"11,67","0,980949","0,97",0,"11,8966","0,0001167"
insertion_rs_better,100000,5,"11,59","0,979958","0,97",0,"11,827","0,0001159"
insertion_rs_better,100000,6,"11,52","0,979511","0,97",0,"11,761","0,0001152"
insertion_rs_better,100000,7,"11,35","0,980858","0,97",0,"11,5715","0,0001135"
insertion_rs_better,100000,8,"11,59","0,979922","0,97",0,"11,8275","0,0001159"
insertion_rs_better,100000,9,"11,45","0,982573","0,97",0,"11,6531","0,0001145"
insertion_rs_better,100000,10,"11,6","0,982005","0,97",0,"11,8126","0,000116"
selection,10000,1,"0,13","0,017412",0,0,"7,4661","0,000013"
selection,10000,2,"0,05","0,004711",0,0,"10,6138","0,000005"
selection,10000,3,"0,06","0,004752",0,0,"12,6253","0,000006"
selection,10000,4,"0,07","0,004763",0,0,"14,6954","0,000007"
selection,10000,5,"0,06","0,004412",0,0,"13,6","0,000006"
selection,10000,6,"0,06","0,00463",0,0,"12,9579","0,000006"
selection,10000,7,"0,06","0,004536",0,0,"13,2268","0,000006"
selection,10000,8,"0,06","0,004449",0,0,"13,4851","0,000006"
selection,10000,9,"0,07","0,004564",0,0,"15,3363","0,000007"
selection,10000,10,"0,06","0,004778",0,0,"12,5584","0,000006"
selection,50000,1,"0,24","0,01733","0,01",0,"13,8487","0,0000048"
selection,50000,2,"0,24","0,017387","0,01",0,"13,8037","0,0000048"
selection,50000,3,"0,22","0,01716","0,01",0,"12,8209","0,0000044"
selection,50000,4,"0,24","0,021827","0,01",0,"10,9957","0,0000048"
selection,50000,5,"0,22","0,017236","0,01",0,"12,7641","0,0000044"
selection,50000,6,"0,24","0,017038","0,01",0,"14,0863","0,0000048"
selection,50000,7,"0,22","0,016811","0,01",0,"13,0869","0,0000044"
selection,50000,8,"0,23","0,017704","0,01",0,"12,9915","0,0000046"
selection,50000,9,"0,25","0,01723","0,01",0,"14,5092","0,000005"
selection,50000,10,"0,22","0,01747","0,01",0,"12,5927","0,0000044"
selection,100000,1,"0,43","0,032003","0,02",0,"13,4363","0,0000043"
selection,100000,2,"0,42","0,035143","0,03",0,"11,9513","0,0000042"
selection,100000,3,"0,43","0,03571","0,03",0,"12,0414","0,0000043"
selection,100000,4,"0,45","0,032249","0,02",0,"13,9541","0,0000045"
selection,100000,5,"0,44","0,031135","0,02",0,"14,1321","0,0000044"
selection,100000,6,"0,47","0,032823","0,02",0,"14,3193","0,0000047"
selection,100000,7,"0,46","0,03172","0,02",0,"14,5021","0,0000046"
selection,100000,8,"0,45","0,032554","0,03",0,"13,823","0,0000045"
selection,100000,9,"0,41","0,035322","0,03",0,"11,6075","0,0000041"
selection,100000,10,"0,49","0,033131","0,02",0,"14,7897","0,0000049"
selection_better,10000,1,"0,48","0,03888","0,03",0,"12,3456","0,000048"
selection_better,10000,2,"0,42","0,036722","0,03",0,"11,4372","0,000042"
selection_better,10000,3,"0,42","0,036409","0,03",0,"11,5357","0,000042"
selection_better,10000,4,"0,42","0,036357","0,03",0,"11,552","0,000042"
selection_better,10000,5,"0,41","0,036157","0,03",0,"11,3394","0,000041"
selection_better,10000,6,"0,43","0,036123","0,03",0,"11,9039","0,000043"
selection_better,10000,7,"0,41","0,036564","0,03",0,"11,2131","0,000041"
selection_better,10000,8,"0,44","0,036214","0,03",0,"12,1498","0,000044"
selection_better,10000,9,"0,43","0,036747","0,03",0,"11,7015","0,000043"
selection_better,10000,10,"0,4","0,036597","0,03",0,"10,9298","0,00004"
selection_better,50000,1,"9,77","0,813365","0,82",0,"12,0118","0,0001954"
selection_better,50000,2,"9,83","0,81247","0,81",0,"12,0989","0,0001966"
selection_better,50000,3,"9,82","0,814119","0,82",0,"12,0621","0,0001964"
selection_better,50000,4,"9,73","0,813758","0,81",0,"11,9569","0,0001946"
selection_better,50000,5,"9,76","0,813102","0,81",0,"12,0034","0,0001952"
selection_better,50000,6,"9,76","0,812589","0,82",0,"12,011","0,0001952"
selection_better,50000,7,"9,71","0,814424","0,81",0,"11,9225","0,0001942"
selection_better,50000,8,"9,73","0,81199","0,81",0,"11,9829","0,0001946"
selection_better,50000,9,"9,63","0,816143","0,82",0,"11,7994","0,0001926"
selection_better,50000,10,"9,79","0,812923","0,82",0,"12,043","0,0001958"
selection_better,100000,1,"38,7","3,241257","3,26",0,"11,9398","0,000387"
selection_better,100000,2,"39,31","3,239627","3,24",0,"12,1341","0,0003931"
selection_better,100000,3,"39,12","3,238695","3,24",0,"12,0789","0,0003912"
selection_better,100000,4,"39,24","3,2414","3,25",0,"12,1059","0,0003924"
selection_better,100000,5,"38,17","3,244354","3,26",0,"11,7651","0,0003817"
selection_better,100000,6,"38,75","3,241387","3,24",0,"11,9548","0,0003875"
selection_better,100000,7,"39,25","3,237627","3,23",0,"12,1231","0,0003925"
selection_better,100000,8,"38,23","3,244152","3,25",0,"11,7843","0,0003823"
selection_better,100000,9,"39,07","3,240897","3,26",0,"12,0553","0,0003907"
selection_better,100000,10,"38,12","3,243364","3,26",0,"11,7532","0,0003812"
selection_rs,10000,1,"0,39","0,031212","0,02",0,"12,4952","0,000039"
selection_rs,10000,2,"0,35","0,027895","0,02",0,"12,5469","0,000035"
selection_rs,10000,3,"0,34","0,028407","0,02",0,"11,9689","0,000034"
selection_rs,10000,4,"0,35","0,028832","0,02",0,"12,1393","0,000035"
selection_rs,10000,5,"0,34","0,028373","0,02",0,"11,9834","0,000034"
selection_rs,10000,6,"0,37","0,028235","0,02",0,"13,1042","0,000037"
selection_rs,10000,7,"0,35","0,028343","0,02",0,"12,3486","0,000035"
selection_rs,10000,8,"0,35","0,027938","0,02",0,"12,5279","0,000035"
selection_rs,10000,9,"0,35","0,028861","0,02",0,"12,127","0,000035"
selection_rs,10000,10,"0,36","0,027959","0,02",0,"12,8758","0,000036"
selection_rs,50000,1,8,"0,608287","0,6",0,"13,1517","0,00016"
selection_rs,50000,2,"8,06","0,607384","0,6",0,"13,27","0,0001612"
selection_rs,50000,3,"7,93","0,608684","0,6",0,"13,0281","0,0001586"
selection_rs,50000,4,"8,07","0,607397","0,6",0,"13,2862","0,0001614"
selection_rs,50000,5,"8,09","0,607637","0,6",0,"13,3139","0,0001618"
selection_rs,50000,6,"8,06","0,608043","0,6",0,"13,2556","0,0001612"
selection_rs,50000,7,"8,26","0,607937","0,6",0,"13,5869","0,0001652"
selection_rs,50000,8,"8,29","0,607776","0,6",0,"13,6399","0,0001658"
selection_rs,50000,9,"8,06","0,607304","0,6",0,"13,2718","0,0001612"
selection_rs,50000,10,"8,02","0,607457","0,6",0,"13,2026","0,0001604"
selection_rs,100000,1,"33,06","2,408707","2,4",0,"13,7252","0,0003306"
selection_rs,100000,2,"31,9","2,407572","2,4",0,"13,2499","0,000319"
selection_rs,100000,3,"31,99","2,408674","2,4",0,"13,2812","0,0003199"
selection_rs,100000,4,"32,85","2,407468","2,4",0,"13,645","0,0003285"
selection_rs,100000,5,"31,95","2,406722","2,4",0,"13,2753","0,0003195"
selection_rs,100000,6,"32,35","2,408917","2,4",0,"13,4293","0,0003235"
selection_rs,100000,7,"32,55","2,408698","2,4",0,"13,5135","0,0003255"
selection_rs,100000,8,"31,97","2,40796","2,4",0,"13,2768","0,0003197"
selection_rs,100000,9,"31,99","2,408856","2,4",0,"13,2802","0,0003199"
selection_rs,100000,10,"32,38","2,407277","2,4",0,"13,4509","0,0003238"
selection_rs_better,10000,1,"0,08","0,013116",0,0,"6,0996","0,000008"
selection_rs_better,10000,2,"0,04","0,002987",0,0,"13,3916","0,000004"
selection_rs_better,10000,3,"0,04","0,003035",0,0,"13,1787","0,000004"
selection_rs_better,10000,4,"0,04","0,002974",0,0,"13,4479","0,000004"
selection_rs_better,10000,5,"0,04","0,003101",0,0,"12,9","0,000004"
selection_rs_better,10000,6,"0,03","0,003457",0,0,"8,6792","0,000003"
selection_rs_better,10000,7,"0,03","0,003227",0,0,"9,2962","0,000003"
selection_rs_better,10000,8,"0,03","0,003208",0,0,"9,3516","0,000003"
selection_rs_better,10000,9,"0,04","0,00313",0,0,"12,7794","0,000004"
selection_rs_better,10000,10,"0,04","0,003108",0,0,"12,8682","0,000004"
selection_rs_better,50000,1,"0,11","0,009011",0,0,"12,2068","0,0000022"
selection_rs_better,50000,2,"0,1","0,008881",0,0,"11,26","0,000002"
selection_rs_better,50000,3,"0,1","0,008987",0,0,"11,1274","0,000002"
selection_rs_better,50000,4,"0,11","0,009063",0,0,"12,1369","0,0000022"
selection_rs_better,50000,5,"0,11","0,009085",0,0,"12,1082","0,0000022"
selection_rs_better,50000,6,"0,11","0,009121",0,0,"12,0606","0,0000022"
selection_rs_better,50000,7,"0,12","0,009162",0,0,"13,0981","0,0000024"
selection_rs_better,50000,8,"0,12","0,00914",0,0,"13,1291","0,0000024"
selection_rs_better,50000,9,"0,11","0,008924",0,0,"12,3266","0,0000022"
selection_rs_better,50000,10,"0,12","0,009273",0,0,"12,941","0,0000024"
selection_rs_better,100000,1,"0,21","0,016992","0,01",0,"12,3586","0,0000021"
selection_rs_better,100000,2,"0,21","0,017277","0,01",0,"12,155","0,0000021"
selection_rs_better,100000,3,"0,21","0,017125","0,01",0,"12,2625","0,0000021"
selection_rs_better,100000,4,"0,22","0,016692","0,01",0,"13,1799","0,0000022"
selection_rs_better,100000,5,"0,23","0,02009","0,01",0,"11,4484","0,0000023"
selection_rs_better,100000,6,"0,22","0,016875","0,01",0,"13,0369","0,0000022"
selection_rs_better,100000,7,"0,21","0,017133","0,01",0,"12,2574","0,0000021"
selection_rs_better,100000,8,"0,21","0,017047","0,01",0,"12,3189","0,0000021"
selection_rs_better,100000,9,"0,21","0,017252","0,01",0,"12,1725","0,0000021"
selection_rs_better,100000,10,"0,22","0,017497","0,01",0,"12,5739","0,0000022"